"DIRECTORATEOFTECHNICALEDUCATION,MADHYAPRADESH",,,,,,,,,,,,,,
LATERALENTRYBTECH,,,,,,,,,,,,,,
OPENINGCLOSINGRANK-FIRSTROUND2026,,,,,,,,,,,,,,
BASEDONQUALIFYINGEXAM DATE:06.08.2026,,,,,,,,,,,,,,
S.No.,INST_NAME,,INST_TYPE,FW,,BRANCH,OPENING_RANK,CLOSING_RANK,OPENING_MERIT,CLOSING_MERIT,ALLOTTED_CATEGORY,DOMICILE,TOTAL_ALLOTTED,
1,"AcropolisInstituteofTechnology&Research,Indore(2005)",,Private,N,,CSE,2088,2909,69.9,65,OBC/X/OP,,4,
2,"AcropolisInstituteofTechnology&Research,Indore(2005)",,Private,N,,MECH,3134,3134,62.96,62.96,OBC/X/OP,,1,
3,"AcropolisInstituteofTechnology&Research,Indore(2005)",,Private,N,,CSE,3481,3481,55.3,55.3,SC/X/OP,,1,
4,"AcropolisInstituteofTechnology&Research,Indore(2005)",,Private,N,,EC,112,112,85.03,85.03,UR/X/OP,,1,
5,"AcropolisInstituteofTechnology&Research,Indore(2005)",,Private,N,,CSE,528,1653,78.9,72,UR/X/OP,,12,
6,"AcropolisInstituteofTechnology&Research,Indore(2005)",,Private,N,,CIVIL,1371,1774,73.3,71.5,UR/X/OP,,2,
7,"AcropolisInstituteofTechnology&Research,Indore(2005)",,Private,N,,IT,2376,2435,68.4,68.1,UR/X/OP,,2,
8,"AcropolisInstituteofTechnology&Research,Indore(2005)",,Private,N,,MECH,1594,2774,72.3,66.1,UR/X/OP,,3,
9,"AcropolisInstituteofTechnology&Research,Indore(2005)",,Private,N,,CSIT,2556,3140,67.4,62.9,UR/X/OP,,2,
10,"AcropolisInstituteofTechnology&Research,Indore(2005)",,Private,N,,CSEIML,694,3210,77.4,62.3,UR/X/OP,,5,
11,"AcropolisInstituteofTechnology&Research,Indore(2005)",,Private,N,,CSECS,1690,3341,71.8,60.5,UR/X/OP,,3,
12,"AcropolisInstituteofTechnology&Research,Indore(2005)",,Private,N,,CSE,1815,2541,71.3,67.5,"UR/X/OP(After
Conversion)",,7,
13,"ADINAINSTITUTEOFSCIENCE&TECHNOLOGY,SAGAR(2009)",,Private,N,,ELECTELEX,962,962,75.6,75.6,UR/X/OP,,1,
14,"ADINAINSTITUTEOFSCIENCE&TECHNOLOGY,SAGAR(2009)",,Private,N,,CSE,3055,3055,63.9,63.9,UR/X/OP,,1,
15,"AdityaCollegeofTechnology&Science,Satna(2007)",,private,N,,FTS,602,1950,78.17,70.64,UR/X/OP,,3,
16,"AdityaCollegeofTechnology&Science,Satna(2007)",,Private,N,,CSE,1398,2165,73.1,69.5,UR/X/OP,,2,
17,"AdityaCollegeofTechnology&Science,Satna(2007)",,Private,N,,CIVIL,333,3415,81,58.77,UR/X/OP,,3,
18,"AdityaCollegeofTechnology&Science,Satna(2007)",,Private,N,,AIML,257,3489,82.2,54.73,UR/X/OP,,2,
19,"AdityaCollegeofTechnology&Science,Satna(2007)",,private,N,,MINING,82,3520,86.2,52.2,UR/X/OP,,19,
20,"AdityaCollegeofTechnology&Science,Satna(2007)",,Private,N,,MECH,274,3523,81.9,51.6,UR/X/OP,,7,
21,"AdityaCollegeofTechnology&Science,Satna(2007)",,private,N,,ELECTELEX,253,3535,82.2,49.1,UR/X/OP,,9,
22,"AllSaintsCollegeofTechnology,Bhopal(2002)",,Private,N,,ELECTELEX,30,1003,89.5,75.38,UR/X/OP,,20,
23,"AllSaintsCollegeofTechnology,Bhopal(2002)",,Private,N,,CIVIL,4,2641,92.8,66.9,UR/X/OP,,57,
24,"AllSaintsCollegeofTechnology,Bhopal(2002)",,Private,N,,EC,197,2886,83.1,65.2,UR/X/OP,,4,
25,"AllSaintsCollegeofTechnology,Bhopal(2002)",,Private,N,,MECH,100,3252,85.47,61.75,UR/X/OP,,24,
26,"AllSaintsCollegeofTechnology,Bhopal(2002)",,Private,N,,CSE,20,3390,89.9,59.5,UR/X/OP,,10,
27,"AllSaintsCollegeofTechnology,Bhopal(2002)",,Private,N,,ELECTELEX,1259,3351,73.9,60.3,"UR/X/OP(After
Conversion)",,19,
28,"AllSaintsCollegeofTechnology,Bhopal(2002)",,Private,N,,CIVIL,2777,3519,66.09,52.47,"UR/X/OP(After
Conversion)",,8,
29,"AlpineInstituteofTechnology,Ujjain(2007)",,private,N,,EE,203,2176,83,69.4,UR/X/OP,,2,
30,"AlpineInstituteofTechnology,Ujjain(2007)",,Private,N,,CSE,2977,2977,64.5,64.5,UR/X/OP,,1,
31,"AnnieInstituteofTechnologyandResearchCentre,Chhindwara
(2013)",,private,N,,MECH,1412,1412,73,73,UR/X/OP,,1,

"*InURcategory,Othercategorycandidatesarealsoallotted",,,Page1 of39,,,,,,,,,,,
"DIRECTORATEOFTECHNICALEDUCATION,MADHYAPRADESH",,,,,,,,,,,,,,
LATERALENTRYBTECH,,,,,,,,,,,,,,
OPENINGCLOSINGRANK-FIRSTROUND2026,,,,,,,,,,,,,,
BASEDONQUALIFYINGEXAM DATE:06.08.2026,,,,,,,,,,,,,,
S.No.,INST_NAME,,INST_TYPE,FW,,BRANCH,OPENING_RANK,CLOSING_RANK,OPENING_MERIT,CLOSING_MERIT,ALLOTTED_CATEGORY,DOMICILE,TOTAL_ALLOTTED,
32,"AnnieInstituteofTechnologyandResearchCentre,Chhindwara
(2013)",,private,N,,CSE,1382,2770,73.2,66.1,UR/X/OP,,3,
33,"AnnieInstituteofTechnologyandResearchCentre,Chhindwara
(2013)",,private,N,,EC,3279,3279,61.4,61.4,UR/X/OP,,1,
34,"AnnieInstituteofTechnologyandResearchCentre,Chhindwara
(2013)",,private,N,,CIVIL,420,3506,79.9,53.82,UR/X/OP,,3,
35,"AstralInstituteofTechnology&Research,Indore(2006)",,Private,N,,MECH,1500,2669,72.64,66.73,UR/X/OP,,3,
36,"AstralInstituteofTechnology&Research,Indore(2006)",,Private,N,,CSE,1010,3187,75.3,62.4,UR/X/OP,,2,
37,"AstralInstituteofTechnology&Research,Indore(2006)",,Private,N,,CIVIL,2786,3425,66,58.49,UR/X/OP,,2,
38,"BabulalTarabaiInstituteofResearch&Technology,Sagar
(2008)",,Private,N,,EC,1479,1479,72.7,72.7,UR/X/OP,,1,
39,"BabulalTarabaiInstituteofResearch&Technology,Sagar
(2008)",,Private,N,,ELECTELEX,754,2426,77,68.1,UR/X/OP,,3,
40,"BabulalTarabaiInstituteofResearch&Technology,Sagar
(2008)",,Private,N,,CSE,965,2469,75.6,67.9,UR/X/OP,,2,
41,"BabulalTarabaiInstituteofResearch&Technology,Sagar
(2008)",,Private,N,,MECH,2605,2605,67.1,67.1,UR/X/OP,,1,
42,"BabulalTarabaiInstituteofResearch&Technology,Sagar
(2008)",,Private,N,,CSEIML,1943,3436,70.7,58,UR/X/OP,,2,
43,"BADERIAGLOBALINSTITUTEOFENGINEERING&amp;
MANAGEMENT,JABALPUR",,Private,N,,MECH,3271,3271,61.5,61.5,OBC/X/OP,,1,
44,"BADERIAGLOBALINSTITUTEOFENGINEERING&amp;
MANAGEMENT,JABALPUR",,Private,N,,CSEDS,2239,2239,69.1,69.1,UR/X/OP,,1,
45,"BADERIAGLOBALINSTITUTEOFENGINEERING&amp;
MANAGEMENT,JABALPUR",,Private,N,,CIVIL,2342,2342,68.6,68.6,UR/X/OP,,1,
46,"BADERIAGLOBALINSTITUTEOFENGINEERING&amp;
MANAGEMENT,JABALPUR",,Private,N,,CSEITCS,2968,2968,64.6,64.6,UR/X/OP,,1,
47,"BADERIAGLOBALINSTITUTEOFENGINEERING&amp;
MANAGEMENT,JABALPUR",,Private,N,,MECH,3034,3034,64.1,64.1,UR/X/OP,,1,
48,"BADERIAGLOBALINSTITUTEOFENGINEERING&amp;
MANAGEMENT,JABALPUR",,Private,N,,CSEIML,906,3208,76,62.3,UR/X/OP,,4,
49,"BADERIAGLOBALINSTITUTEOFENGINEERING&amp;
MANAGEMENT,JABALPUR",,Private,N,,CSE,3169,3297,62.6,61.1,UR/X/OP,,2,
50,"BansalCollegeofEngineering,Obedullaganj,Raisen(2002)",,Private,N,,MECH,2601,2601,67.1,67.1,OBC/X/OP,,1,
51,"BansalCollegeofEngineering,Obedullaganj,Raisen(2002)",,Private,N,,MECH,2111,2111,69.73,69.73,UR/X/OP,,1,
52,"BansalCollegeofEngineering,Obedullaganj,Raisen(2002)",,Private,N,,ELECTELEX,374,2124,80.4,69.7,UR/X/OP,,2,
53,"BansalCollegeofEngineering,Obedullaganj,Raisen(2002)",,Private,N,,EC,2433,2433,68.1,68.1,UR/X/OP,,1,
54,"BansalCollegeofEngineering,Obedullaganj,Raisen(2002)",,Private,N,,CIVIL,918,2689,75.9,66.6,UR/X/OP,,5,

"*InURcategory,Othercategorycandidatesarealsoallotted",,,Page2 of39,,,,,,,,,,,
"DIRECTORATEOFTECHNICALEDUCATION,MADHYAPRADESH",,,,,,,,,,,,,,
LATERALENTRYBTECH,,,,,,,,,,,,,,
OPENINGCLOSINGRANK-FIRSTROUND2026,,,,,,,,,,,,,,
BASEDONQUALIFYINGEXAM DATE:06.08.2026,,,,,,,,,,,,,,
S.No.,INST_NAME,,INST_TYPE,FW,,BRANCH,OPENING_RANK,CLOSING_RANK,OPENING_MERIT,CLOSING_MERIT,ALLOTTED_CATEGORY,DOMICILE,TOTAL_ALLOTTED,
55,"BansalCollegeofEngineering,Obedullaganj,Raisen(2002)",,Private,N,,CSE,175,3095,83.6,63.5,UR/X/OP,,4,
56,"BansalCollegeofEngineering,Obedullaganj,Raisen(2002)",,Private,N,,CSEIML,1810,3209,71.3,62.3,UR/X/OP,,3,
57,"BansalInstituteofResearch&Technology,Bhopal(2007)",,Private,N,,EC,2809,2809,65.9,65.9,OBC/X/OP,,1,
58,"BansalInstituteofResearch&Technology,Bhopal(2007)",,Private,N,,CSE,1742,3226,71.6,62.1,OBC/X/OP,,6,
59,"BansalInstituteofResearch&Technology,Bhopal(2007)",,Private,N,,MECH,3347,3347,60.4,60.4,OBC/X/OP,,1,
60,"BansalInstituteofResearch&Technology,Bhopal(2007)",,Private,N,,ELECTELEX,3384,3384,59.7,59.7,OBC/X/OP,,1,
61,"BansalInstituteofResearch&Technology,Bhopal(2007)",,Private,N,,CSE,2260,2979,69,64.5,SC/X/OP,,2,
62,"BansalInstituteofResearch&Technology,Bhopal(2007)",,Private,N,,ELECTELEX,3490,3490,54.7,54.7,SC/X/OP,,1,
63,"BansalInstituteofResearch&Technology,Bhopal(2007)",,Private,N,,EC,477,477,79.5,79.5,UR/X/OP,,1,
64,"BansalInstituteofResearch&Technology,Bhopal(2007)",,Private,N,,CSE,649,1709,77.8,71.7,UR/X/OP,,10,
65,"BansalInstituteofResearch&Technology,Bhopal(2007)",,Private,N,,ELECTELEX,2458,2458,67.94,67.94,UR/X/OP,,1,
66,"BansalInstituteofResearch&Technology,Bhopal(2007)",,Private,N,,MECH,2324,2996,68.7,64.34,UR/X/OP,,2,
67,"BansalInstituteofResearch&Technology,Bhopal(2007)",,Private,N,,EC,642,642,77.9,77.9,"UR/X/OP(After
Conversion)",,1,
68,"BansalInstituteofResearchTechnology&Science,Bhopal
(2008)",,Private,N,,CSEIML,1520,2750,72.6,66.2,OBC/X/OP,,2,
69,"BansalInstituteofResearchTechnology&Science,Bhopal
(2008)",,Private,N,,CSEIML,405,1234,80.1,74,UR/X/OP,,3,
70,"BansalInstituteofResearchTechnology&Science,Bhopal
(2008)",,Private,N,,CSE,940,2870,75.7,65.4,UR/X/OP,,6,
71,"BansalInstituteofResearchTechnology&Science,Bhopal
(2008)",,Private,N,,CSEIML,3294,3294,61.13,61.13,"UR/X/OP(After
Conversion)",,1,
72,"BansalInstituteofScience&Technology,Bhopal(2000)",,Private,N,,CSE,2263,2263,69,69,EWS,,1,
73,"BansalInstituteofScience&Technology,Bhopal(2000)",,Private,N,,MECH,1337,2662,73.4,66.8,OBC/X/OP,,2,
74,"BansalInstituteofScience&Technology,Bhopal(2000)",,Private,N,,EC,1702,2714,71.7,66.5,OBC/X/OP,,2,
75,"BansalInstituteofScience&Technology,Bhopal(2000)",,Private,N,,ELECTELEX,3468,3468,56.3,56.3,ST/X/OP,,1,
76,"BansalInstituteofScience&Technology,Bhopal(2000)",,Private,N,,MECH,5,5,92.6,92.6,UR/X/OP,,1,
77,"BansalInstituteofScience&Technology,Bhopal(2000)",,Private,N,,CIVIL,384,455,80.3,79.64,UR/X/OP,,2,
78,"BansalInstituteofScience&Technology,Bhopal(2000)",,Private,N,,EC,1280,1280,73.8,73.8,UR/X/OP,,1,
79,"BansalInstituteofScience&Technology,Bhopal(2000)",,Private,N,,CSE,1821,1821,71.3,71.3,UR/X/OP,,1,
80,"BansalInstituteofScience&Technology,Bhopal(2000)",,Private,N,,CSEIML,1994,1994,70.4,70.4,UR/X/OP,,1,
81,"BansalInstituteofScience&Technology,Bhopal(2000)",,Private,N,,IT,2098,3042,69.83,64,UR/X/OP,,2,
82,"BansalInstituteofScience&Technology,Bhopal(2000)",,Private,N,,ELECTELEX,2386,3407,68.3,59,UR/X/OP,,2,

"*InURcategory,Othercategorycandidatesarealsoallotted",,,Page3 of39,,,,,,,,,,,
"DIRECTORATEOFTECHNICALEDUCATION,MADHYAPRADESH",,,,,,,,,,,,,,
LATERALENTRYBTECH,,,,,,,,,,,,,,
OPENINGCLOSINGRANK-FIRSTROUND2026,,,,,,,,,,,,,,
BASEDONQUALIFYINGEXAM DATE:06.08.2026,,,,,,,,,,,,,,
S.No.,INST_NAME,,INST_TYPE,FW,,BRANCH,OPENING_RANK,CLOSING_RANK,OPENING_MERIT,CLOSING_MERIT,ALLOTTED_CATEGORY,DOMICILE,TOTAL_ALLOTTED,
83,"BansalInstituteofScience&Technology,Bhopal(2000)",,Private,N,,CIVIL,2063,2063,70,70,"UR/X/OP(After
Conversion)",,1,
84,"BethesdaInstituteofTechnologyandScience,Gwalior(2011)",,Private,N,,EC,1609,1609,72.2,72.2,UR/X/OP,,1,
85,"BethesdaInstituteofTechnologyandScience,Gwalior(2011)",,Private,N,,CSE,302,1657,81.58,71.99,UR/X/OP,,2,
86,"BethesdaInstituteofTechnologyandScience,Gwalior(2011)",,Private,N,,MECH,157,3416,83.83,58.7,UR/X/OP,,16,
87,"BethesdaInstituteofTechnologyandScience,Gwalior(2011)",,Private,N,,ELECTELEX,538,3498,78.7,54.47,UR/X/OP,,14,
88,"BethesdaInstituteofTechnologyandScience,Gwalior(2011)",,Private,N,,CIVIL,567,3533,78.4,49.43,UR/X/OP,,7,
89,"BHOPAL INSTITUTEOFTECHNOLOGY&SCIENCE,BHOPAL
(2002)",,Private,N,,CSE,789,789,76.8,76.8,UR/X/OP,,1,
90,"BHOPAL INSTITUTEOFTECHNOLOGY&SCIENCE,BHOPAL
(2002)",,private,N,,CIVIL,1172,2633,74.31,66.95,UR/X/OP,,6,
91,"BHOPAL INSTITUTEOFTECHNOLOGY&SCIENCE,BHOPAL
(2002)",,Private,N,,MECH,2099,3170,69.83,62.6,UR/X/OP,,3,
92,"BHOPAL INSTITUTEOFTECHNOLOGY&SCIENCE,BHOPAL
(2002)",,Private,N,,ELECTELEX,1414,3422,73,58.6,UR/X/OP,,9,
93,"BHOPAL INSTITUTEOFTECHNOLOGY,BHOPAL (2007)",,Private,N,,EC,515,1736,79.01,71.6,UR/X/OP,,3,
94,"BHOPAL INSTITUTEOFTECHNOLOGY,BHOPAL (2007)",,Private,N,,ELECTELEX,566,2114,78.41,69.7,UR/X/OP,,9,
95,"BHOPAL INSTITUTEOFTECHNOLOGY,BHOPAL (2007)",,Private,N,,CSE,290,3075,81.66,63.7,UR/X/OP,,9,
96,"BHOPAL INSTITUTEOFTECHNOLOGY,BHOPAL (2007)",,Private,N,,MECH,13,3371,90.44,60,UR/X/OP,,9,
97,"ChameliDeviGroupofInstitutions,Indore(2006)",,Private,N,,MECH,2366,2366,68.44,68.44,OBC/X/OP,,1,
98,"ChameliDeviGroupofInstitutions,Indore(2006)",,Private,N,,CIVIL,3113,3113,63.3,63.3,ST/X/OP,,1,
99,"ChameliDeviGroupofInstitutions,Indore(2006)",,Private,N,,MECH,2219,2219,69.2,69.2,UR/X/OP,,1,
100,"ChameliDeviGroupofInstitutions,Indore(2006)",,Private,N,,CSEIML,1484,2395,72.7,68.3,UR/X/OP,,4,
101,"ChameliDeviGroupofInstitutions,Indore(2006)",,Private,N,,CIVIL,875,3004,76.2,64.3,UR/X/OP,,2,
102,"ChameliDeviGroupofInstitutions,Indore(2006)",,Private,N,,CSE,1237,3244,74,61.9,UR/X/OP,,4,
103,"ChameliDeviGroupofInstitutions,Indore(2006)",,Private,N,,IT,3273,3273,61.46,61.46,UR/X/OP,,1,
104,"CorporateInstituteofScience&Technology,Bhopal(2008)",,Private,N,,CIVIL,2517,2517,67.6,67.6,OBC/X/OP,,1,
105,"CorporateInstituteofScience&Technology,Bhopal(2008)",,Private,N,,CSEIML,909,909,75.96,75.96,UR/X/OP,,1,
106,"CorporateInstituteofScience&Technology,Bhopal(2008)",,Private,N,,CIVIL,9,1604,91.4,72.22,UR/X/OP,,20,
107,"CorporateInstituteofScience&Technology,Bhopal(2008)",,Private,N,,EC,1752,1752,71.6,71.6,UR/X/OP,,1,
108,"CorporateInstituteofScience&Technology,Bhopal(2008)",,Private,N,,ELECTELEX,191,2642,83.2,66.9,UR/X/OP,,8,
109,"CorporateInstituteofScience&Technology,Bhopal(2008)",,Private,N,,MECH,171,2796,83.69,65.91,UR/X/OP,,13,
110,"CorporateInstituteofScience&Technology,Bhopal(2008)",,Private,N,,CSE,603,3040,78.13,64,UR/X/OP,,5,
111,"CorporateInstituteofScience&Technology,Bhopal(2008)",,Private,N,,CIVIL,1722,3463,71.69,56.45,"UR/X/OP(After
Conversion)",,12,
112,"DR.A.P.J.ABDULKALAMUIT,JHABUA",,S.F.I.,N,,CSE,1221,2401,74.1,68.3,UR/X/F,Y,4,

"*InURcategory,Othercategorycandidatesarealsoallotted",,,Page4 of39,,,,,,,,,,,
"DIRECTORATEOFTECHNICALEDUCATION,MADHYAPRADESH",,,,,,,,,,,,,,
LATERALENTRYBTECH,,,,,,,,,,,,,,
OPENINGCLOSINGRANK-FIRSTROUND2026,,,,,,,,,,,,,,
BASEDONQUALIFYINGEXAM DATE:06.08.2026,,,,,,,,,,,,,,
S.No.,INST_NAME,,INST_TYPE,FW,,BRANCH,OPENING_RANK,CLOSING_RANK,OPENING_MERIT,CLOSING_MERIT,ALLOTTED_CATEGORY,DOMICILE,TOTAL_ALLOTTED,
113,"DR.A.P.J.ABDULKALAMUIT,JHABUA",,S.F.I.,N,,CSE,2222,3090,69.2,63.6,UR/X/OP,Y,4,
114,"DR.BHAGATSINGHRAIINSTITUTEOFTECHNOLOGY,SEONI",,Private,N,,MECH,3467,3467,56.4,56.4,UR/X/OP,,1,
115,"GuruRamdasKhalsaInstitute ofScience&Technology,Jabalpur
(1997)",,Private,N,,ELECTELEX,1136,1136,74.5,74.5,UR/X/OP,,1,
116,"GuruRamdasKhalsaInstitute ofScience&Technology,Jabalpur
(1997)",,Private,N,,CSE,1661,1720,71.92,71.7,UR/X/OP,,2,
117,"GwaliorInstituteofInformationTechnology,Gwalior(2008)",,Private,N,,CSE,158,1249,83.8,73.9,UR/X/OP,,5,
118,"GwaliorInstituteofInformationTechnology,Gwalior(2008)",,Private,N,,EC,53,3307,87.7,61,UR/X/OP,,5,
119,"GwaliorInstituteofInformationTechnology,Gwalior(2008)",,private,N,,MECH,201,3399,83,59.3,UR/X/OP,,12,
120,"GwaliorInstituteofInformationTechnology,Gwalior(2008)",,private,N,,CIVIL,67,3464,87.1,56.41,UR/X/OP,,26,
121,"GwaliorInstituteofInformationTechnology,Gwalior(2008)",,private,N,,CIVIL,3524,3526,51.57,51.06,"UR/X/OP(After
Conversion)",,2,
122,"GyanGangaCollegeofTechnology,Jabalpur(2006)",,Private,N,,CSE,2836,3370,65.7,60,UR/X/OP,,4,
123,"GYAN GANGAINSTITUTEOFTECHNOLOGY&SCIENCE,
JABALPUR(2003)",,Private,N,,ELECTELEX,2374,2753,68.4,66.2,OBC/X/OP,,3,
124,"GYAN GANGAINSTITUTEOFTECHNOLOGY&SCIENCE,
JABALPUR(2003)",,Private,N,,ELECTELEX,2799,2799,65.9,65.9,SC/X/OP,,1,
125,"GYAN GANGAINSTITUTEOFTECHNOLOGY&SCIENCE,
JABALPUR(2003)",,Private,N,,EE,565,1859,78.47,71.1,UR/X/OP,,4,
126,"GYAN GANGAINSTITUTEOFTECHNOLOGY&SCIENCE,
JABALPUR(2003)",,Private,N,,ELECTELEX,1377,2022,73.2,70.2,UR/X/OP,,4,
127,"GYAN GANGAINSTITUTEOFTECHNOLOGY&SCIENCE,
JABALPUR(2003)",,Private,N,,CSE,79,2978,86.33,64.5,UR/X/OP,,8,
128,"GYAN GANGAINSTITUTEOFTECHNOLOGY&SCIENCE,
JABALPUR(2003)",,Private,N,,EC,564,3304,78.47,61,UR/X/OP,,2,
129,"GYAN GANGAINSTITUTEOFTECHNOLOGY&SCIENCE,
JABALPUR(2003)",,Private,N,,CIVIL,19,3449,90,57.5,UR/X/OP,,5,
130,"GYAN GANGAINSTITUTEOFTECHNOLOGY&SCIENCE,
JABALPUR(2003)",,Private,N,,CSEIML,1056,3466,75.02,56.4,UR/X/OP,,4,
131,"GYAN GANGAINSTITUTEOFTECHNOLOGY&SCIENCE,
JABALPUR(2003)",,Private,N,,MECH,1317,3511,73.5,53.2,UR/X/OP,,5,
132,"Gyan SagarCollegeofEngineering,Sagar(2009)",,Private,N,,ELECTELEX,1076,1076,74.9,74.9,UR/X/OP,,1,
133,"GyanSagarCollegeofEngineering,Sagar(2009)",,private,N,,CIVIL,2523,2523,67.6,67.6,UR/X/OP,,1,
134,"HitkarniCollegeofEngineering&Technology,Jabalpur(1997)",,Private,N,,ELECTELEX,2623,3397,67,59.3,OBC/X/OP,,10,
135,"HitkarniCollegeofEngineering&Technology,Jabalpur(1997)",,Private,N,,MECH,3203,3512,62.3,53.2,OBC/X/OP,,5,
136,"HitkarniCollegeofEngineering&Technology,Jabalpur(1997)",,Private,N,,ELECTELEX,2493,3248,67.7,61.84,SC/X/OP,,3,

"*InURcategory,Othercategorycandidatesarealsoallotted",,,Page5 of39,,,,,,,,,,,
"DIRECTORATEOFTECHNICALEDUCATION,MADHYAPRADESH",,,,,,,,,,,,,,
LATERALENTRYBTECH,,,,,,,,,,,,,,
OPENINGCLOSINGRANK-FIRSTROUND2026,,,,,,,,,,,,,,
BASEDONQUALIFYINGEXAM DATE:06.08.2026,,,,,,,,,,,,,,
S.No.,INST_NAME,,INST_TYPE,FW,,BRANCH,OPENING_RANK,CLOSING_RANK,OPENING_MERIT,CLOSING_MERIT,ALLOTTED_CATEGORY,DOMICILE,TOTAL_ALLOTTED,
137,"HitkarniCollegeofEngineering&Technology,Jabalpur(1997)",,Private,N,,ELECTELEX,2308,2308,68.8,68.8,ST/X/OP,,1,
138,"HitkarniCollegeofEngineering&Technology,Jabalpur(1997)",,Private,N,,ELECTELEX,26,2251,89.6,69,UR/X/OP,,29,
139,"HitkarniCollegeofEngineering&Technology,Jabalpur(1997)",,Private,N,,CSE,1246,2411,73.9,68.2,UR/X/OP,,6,
140,"HitkarniCollegeofEngineering&Technology,Jabalpur(1997)",,Private,N,,CSEIML,2567,2739,67.32,66.3,UR/X/OP,,2,
141,"HitkarniCollegeofEngineering&Technology,Jabalpur(1997)",,Private,N,,CSEDS,2826,2826,65.7,65.7,UR/X/OP,,1,
142,"HitkarniCollegeofEngineering&Technology,Jabalpur(1997)",,Private,N,,IT,2499,2963,67.7,64.6,UR/X/OP,,2,
143,"HitkarniCollegeofEngineering&Technology,Jabalpur(1997)",,Private,N,,MECH,625,3022,78,64.2,UR/X/OP,,23,
144,"HitkarniCollegeofEngineering&Technology,Jabalpur(1997)",,Private,N,,EC,1582,3381,72.3,59.8,UR/X/OP,,6,
145,"HitkarniCollegeofEngineering&Technology,Jabalpur(1997)",,Private,N,,CIVIL,766,3487,76.9,54.89,UR/X/OP,,15,
146,"HitkarniCollegeofEngineering&Technology,Jabalpur(1997)",,Private,N,,MECH,3064,3064,63.8,63.8,"UR/X/OP(After
Conversion)",,1,
147,"HitkarniCollegeofEngineering&Technology,Jabalpur(1997)",,Private,N,,ELECTELEX,2352,3458,68.5,56.9,"UR/X/OP(After
Conversion)",,11,
148,"IESCOLLEGEOFTECHNOLOGY,BHOPAL (2007)",,Private,N,,CSEIML,842,842,76.44,76.44,UR/X/OP,,1,
149,"IESCOLLEGEOFTECHNOLOGY,BHOPAL (2007)",,Private,N,,EC,878,878,76.19,76.19,UR/X/OP,,1,
150,"IESCOLLEGEOFTECHNOLOGY,BHOPAL (2007)",,Private,N,,CSE,15,934,90.2,75.73,UR/X/OP,,5,
151,"IESCOLLEGEOFTECHNOLOGY,BHOPAL (2007)",,Private,N,,AIAIDS,1497,1497,72.7,72.7,UR/X/OP,,1,
152,"IESCOLLEGEOFTECHNOLOGY,BHOPAL (2007)",,Private,N,,CIVIL,3408,3408,59,59,UR/X/OP,,1,
153,"IndiraGandhiEngineeringCollege,Sagar(IGEC)(1981)",,GOVT,N,,EC,1643,1643,72,72,EWS,Y,1,
154,"IndiraGandhiEngineeringCollege,Sagar(IGEC)(1981)",,GOVT,N,,CIVIL,2084,2084,69.9,69.9,OBC/X/OP,Y,1,
155,"IndiraGandhiEngineeringCollege,Sagar(IGEC)(1981)",,GOVT,N,,IT,2237,2237,69.1,69.1,OBC/X/OP,Y,1,
156,"IndiraGandhiEngineeringCollege,Sagar(IGEC)(1981)",,GOVT,N,,EE,2284,2284,68.9,68.9,OBC/X/OP,Y,1,
157,"IndiraGandhiEngineeringCollege,Sagar(IGEC)(1981)",,GOVT,N,,CIVIL,1491,1491,72.7,72.7,SC/X/OP,Y,1,
158,"IndiraGandhiEngineeringCollege,Sagar(IGEC)(1981)",,GOVT,N,,IT,1615,3448,72.2,57.6,SC/X/OP,Y,2,
159,"IndiraGandhiEngineeringCollege,Sagar(IGEC)(1981)",,GOVT,N,,EE,1184,1465,74.3,72.8,ST/X/OP,Y,2,
160,"IndiraGandhiEngineeringCollege,Sagar(IGEC)(1981)",,GOVT,N,,CIVIL,2025,2025,70.2,70.2,ST/X/OP,Y,1,
161,"IndiraGandhiEngineeringCollege,Sagar(IGEC)(1981)",,GOVT,N,,EE,364,364,80.5,80.5,UR/X/F,Y,1,
162,"IndiraGandhiEngineeringCollege,Sagar(IGEC)(1981)",,GOVT,N,,CIVIL,1166,1166,74.4,74.4,UR/X/F,Y,1,
163,"IndiraGandhiEngineeringCollege,Sagar(IGEC)(1981)",,GOVT,N,,IT,1540,1540,72.5,72.5,UR/X/F,Y,1,
164,"IndiraGandhiEngineeringCollege,Sagar(IGEC)(1981)",,GOVT,N,,EE,830,1083,76.5,74.9,UR/X/OP,Y,2,
165,"IndiraGandhiEngineeringCollege,Sagar(IGEC)(1981)",,GOVT,N,,IT,1104,1137,74.7,74.5,UR/X/OP,Y,2,
166,"IndiraGandhiEngineeringCollege,Sagar(IGEC)(1981)",,GOVT,N,,CIVIL,864,1341,76.3,73.4,UR/X/OP,Y,2,
167,"IndiraGandhiEngineeringCollege,Sagar(IGEC)(1981)",,GOVT,N,,MECH,3177,3403,62.5,59.2,UR/X/OP,Y,4,
168,"IndoreInstituteofScience&Technology,Indore(2003)",,Private,N,,AIML,1292,1292,73.7,73.7,UR/X/OP,,1,
169,"IndoreInstituteofScience&Technology,Indore(2003)",,Private,N,,CSE,25,3435,89.7,58.01,UR/X/OP,,15,
170,"InfinityManagement&EngineeringCollege,Sagar(2008)",,Private,N,,CIVIL,2903,3238,65,62,UR/X/OP,,2,
171,"InfinityManagement&EngineeringCollege,Sagar(2008)",,Private,N,,MECH,679,3377,77.52,59.9,UR/X/OP,,6,

"*InURcategory,Othercategorycandidatesarealsoallotted",,,Page6 of39,,,,,,,,,,,
"DIRECTORATEOFTECHNICALEDUCATION,MADHYAPRADESH",,,,,,,,,,,,,,
LATERALENTRYBTECH,,,,,,,,,,,,,,
OPENINGCLOSINGRANK-FIRSTROUND2026,,,,,,,,,,,,,,
BASEDONQUALIFYINGEXAM DATE:06.08.2026,,,,,,,,,,,,,,
S.No.,INST_NAME,,INST_TYPE,FW,,BRANCH,OPENING_RANK,CLOSING_RANK,OPENING_MERIT,CLOSING_MERIT,ALLOTTED_CATEGORY,DOMICILE,TOTAL_ALLOTTED,
172,"InfinityManagement&EngineeringCollege,Sagar(2008)",,Private,N,,EE,132,3417,84.4,58.7,UR/X/OP,,2,
173,"InstituteofEngineeringandTechnology,DAVV,Indore(1996)",,S.F.I.,N,,ET,543,543,78.7,78.7,OBC/X/F,Y,1,
174,"InstituteofEngineeringandTechnology,DAVV,Indore(1996)",,S.F.I.,N,,CSE,183,183,83.37,83.37,OBC/X/OP,Y,1,
175,"InstituteofEngineeringandTechnology,DAVV,Indore(1996)",,S.F.I.,N,,IT,306,306,81.5,81.5,OBC/X/OP,Y,1,
176,"InstituteofEngineeringandTechnology,DAVV,Indore(1996)",,S.F.I.,N,,ET,581,666,78.3,77.7,OBC/X/OP,Y,2,
177,"InstituteofEngineeringandTechnology,DAVV,Indore(1996)",,S.F.I.,N,,CIVIL,1101,1101,74.7,74.7,OBC/X/OP,Y,1,
178,"InstituteofEngineeringandTechnology,DAVV,Indore(1996)",,S.F.I.,N,,MECH,1146,1146,74.5,74.5,OBC/X/OP,Y,1,
179,"InstituteofEngineeringandTechnology,DAVV,Indore(1996)",,S.F.I.,N,,EI,862,1163,76.3,74.4,OBC/X/OP,Y,2,
180,"InstituteofEngineeringandTechnology,DAVV,Indore(1996)",,S.F.I.,N,,CSE,676,676,77.6,77.6,SC/X/F,Y,1,
181,"InstituteofEngineeringandTechnology,DAVV,Indore(1996)",,S.F.I.,N,,IT,1045,1045,75.1,75.1,SC/X/F,Y,1,
182,"InstituteofEngineeringandTechnology,DAVV,Indore(1996)",,S.F.I.,N,,CSE,686,983,77.5,75.5,SC/X/OP,Y,2,
183,"InstituteofEngineeringandTechnology,DAVV,Indore(1996)",,S.F.I.,N,,IT,1222,1584,74.1,72.3,SC/X/OP,Y,4,
184,"InstituteofEngineeringandTechnology,DAVV,Indore(1996)",,S.F.I.,N,,CIVIL,1975,1975,70.5,70.5,SC/X/OP,Y,1,
185,"InstituteofEngineeringandTechnology,DAVV,Indore(1996)",,S.F.I.,N,,EI,2446,2446,68,68,SC/X/OP,Y,1,
186,"InstituteofEngineeringandTechnology,DAVV,Indore(1996)",,S.F.I.,N,,MECH,2421,2680,68.16,66.7,SC/X/OP,Y,2,
187,"InstituteofEngineeringandTechnology,DAVV,Indore(1996)",,S.F.I.,N,,ET,3228,3282,62.1,61.4,SC/X/OP,Y,2,
188,"InstituteofEngineeringandTechnology,DAVV,Indore(1996)",,S.F.I.,N,,CIVIL,1461,1461,72.8,72.8,ST/X/OP,Y,1,
189,"InstituteofEngineeringandTechnology,DAVV,Indore(1996)",,S.F.I.,N,,CSE,889,2876,76.1,65.3,ST/X/OP,Y,2,
190,"InstituteofEngineeringandTechnology,DAVV,Indore(1996)",,S.F.I.,N,,ET,2917,2917,65,65,ST/X/OP,Y,1,
191,"InstituteofEngineeringandTechnology,DAVV,Indore(1996)",,S.F.I.,N,,CSE,43,62,88.3,87.5,UR/X/F,Y,2,
192,"InstituteofEngineeringandTechnology,DAVV,Indore(1996)",,S.F.I.,N,,IT,212,215,82.9,82.8,UR/X/F,Y,2,
193,"InstituteofEngineeringandTechnology,DAVV,Indore(1996)",,S.F.I.,N,,ET,259,480,82.1,79.5,UR/X/F,Y,2,
194,"InstituteofEngineeringandTechnology,DAVV,Indore(1996)",,S.F.I.,N,,CIVIL,482,482,79.5,79.5,UR/X/F,Y,1,
195,"InstituteofEngineeringandTechnology,DAVV,Indore(1996)",,S.F.I.,N,,EI,618,618,78.1,78.1,UR/X/F,Y,1,
196,"InstituteofEngineeringandTechnology,DAVV,Indore(1996)",,S.F.I.,N,,CSE,88,166,86,83.7,UR/X/OP,Y,4,
197,"InstituteofEngineeringandTechnology,DAVV,Indore(1996)",,S.F.I.,N,,IT,216,278,82.8,81.9,UR/X/OP,Y,4,
198,"InstituteofEngineeringandTechnology,DAVV,Indore(1996)",,S.F.I.,N,,ET,103,410,85.3,80.05,UR/X/OP,Y,4,
199,"InstituteofEngineeringandTechnology,DAVV,Indore(1996)",,S.F.I.,N,,EI,108,539,85.1,78.7,UR/X/OP,Y,2,
200,"InstituteofEngineeringandTechnology,DAVV,Indore(1996)",,S.F.I.,N,,CIVIL,612,811,78.1,76.7,UR/X/OP,Y,2,
201,"InstituteofEngineeringandTechnology,DAVV,Indore(1996)",,S.F.I.,N,,MECH,798,1031,76.7,75.2,UR/X/OP,Y,3,
202,"INSTITUTEOFENGINEERINGJIWAJIUNIVERSITY,GWALIOR
(1996)",,S.F.I.,N,,CSE,1542,1858,72.5,71.1,OBC/X/OP,Y,3,
203,"INSTITUTEOFENGINEERINGJIWAJIUNIVERSITY,GWALIOR
(1996)",,S.F.I.,N,,CSE,1065,1065,75,75,UR/X/F,Y,1,
204,"INSTITUTEOFENGINEERINGJIWAJIUNIVERSITY,GWALIOR
(1996)",,S.F.I.,N,,CSE,1281,1321,73.8,73.5,UR/X/OP,Y,2,
205,"INSTITUTEOFENGINEERINGJIWAJIUNIVERSITY,GWALIOR
(1996)",,S.F.I.,N,,EL,1879,1879,71,71,UR/X/OP,Y,1,

"*InURcategory,Othercategorycandidatesarealsoallotted",,,Page7 of39,,,,,,,,,,,
"DIRECTORATEOFTECHNICALEDUCATION,MADHYAPRADESH",,,,,,,,,,,,,,
LATERALENTRYBTECH,,,,,,,,,,,,,,
OPENINGCLOSINGRANK-FIRSTROUND2026,,,,,,,,,,,,,,
BASEDONQUALIFYINGEXAM DATE:06.08.2026,,,,,,,,,,,,,,
S.No.,INST_NAME,,INST_TYPE,FW,,BRANCH,OPENING_RANK,CLOSING_RANK,OPENING_MERIT,CLOSING_MERIT,ALLOTTED_CATEGORY,DOMICILE,TOTAL_ALLOTTED,
206,"INSTITUTEOFENGINEERINGJIWAJIUNIVERSITY,GWALIOR
(1996)",,S.F.I.,N,,CHEM,2026,2496,70.2,67.7,UR/X/OP,Y,2,
207,"INSTITUTEOFTECHNOLOGYANDMANAGEMENT,GWALIOR
(1997)",,Private,N,,EC,2146,2146,69.6,69.6,UR/X/OP,,1,
208,"INSTITUTEOFTECHNOLOGYANDMANAGEMENT,GWALIOR
(1997)",,Private,N,,CSE,2130,2869,69.7,65.4,UR/X/OP,,2,
209,"IPSAcademyInstituteofEngineeringandScience,IndoreOff
Campus-1",,Private,N,,CSIT,1910,1910,70.9,70.9,UR/X/OP,,1,
210,"IPSAcademyInstituteofEngineeringandScience,IndoreOff
Campus-1",,Private,N,,CSE,358,2400,80.6,68.3,UR/X/OP,,4,
211,"IPSAcademy,Institute ofEngineeringandScience,Indore
(1999)",,Private,N,,CHEM,3280,3280,61.4,61.4,SC/X/OP,,1,
212,"IPSAcademy,Institute ofEngineeringandScience,Indore
(1999)",,Private,N,,FTS,32,954,89.4,75.67,UR/X/OP,,6,
213,"IPSAcademy,Institute ofEngineeringandScience,Indore
(1999)",,Private,N,,CHEM,869,1332,76.3,73.4,UR/X/OP,,2,
214,"IPSAcademy,Institute ofEngineeringandScience,Indore
(1999)",,Private,N,,ELECTELEX,1740,1740,71.6,71.6,UR/X/OP,,1,
215,"IPSAcademy,Institute ofEngineeringandScience,Indore
(1999)",,Private,N,,MECH,2592,3247,67.2,61.84,UR/X/OP,,2,
216,"IPSAcademy,Institute ofEngineeringandScience,Indore
(1999)",,Private,N,,CSERC,1809,3251,71.3,61.8,UR/X/OP,,2,
217,"IPSAcademy,Institute ofEngineeringandScience,Indore
(1999)",,Private,N,,CSE,1145,3387,74.5,59.7,UR/X/OP,,7,
218,"IPSAcademy,Institute ofEngineeringandScience,Indore
(1999)",,Private,N,,CSEIML,3389,3389,59.6,59.6,UR/X/OP,,1,
219,"IPSAcademy,Institute ofEngineeringandScience,Indore
(1999)",,Private,N,,CIVIL,2437,3406,68.1,59.1,UR/X/OP,,3,
220,"IPSAcademy,Institute ofEngineeringandScience,Indore
(1999)",,Private,N,,ELECTELEX,1917,1968,70.81,70.55,"UR/X/OP(After
Conversion)",,2,
221,"IPSAcademy,Institute ofEngineeringandScience,Indore
(1999)",,Private,N,,FTS,2317,3485,68.7,55.1,"UR/X/OP(After
Conversion)",,6,
222,"IPSCollegeofTechnology&Management,Gwalior(2007)",,Private,N,,CSE,58,58,87.5,87.5,UR/X/OP,,1,
223,"IPSCollegeofTechnology&Management,Gwalior(2007)",,Private,N,,EC,1289,1289,73.7,73.7,UR/X/OP,,1,
224,"IPSCollegeofTechnology&Management,Gwalior(2007)",,Private,N,,MECH,2369,2369,68.4,68.4,UR/X/OP,,1,
225,"IPSCollegeofTechnology&Management,Gwalior(2007)",,private,N,,CIVIL,2644,2644,66.9,66.9,UR/X/OP,,1,
226,"IPSCollegeofTechnology&Management,Gwalior(2007)",,Private,N,,EE,915,3480,75.9,55.4,UR/X/OP,,6,
227,"JABALPURENGINEERINGCOLLEGE,JABALPUR,(JEC)(1947)",,GOVT,N,,CSE,312,312,81.3,81.3,OBC/X/OP,Y,1,
228,"JABALPURENGINEERINGCOLLEGE,JABALPUR,(JEC)(1947)",,GOVT,N,,AIAIDS,338,338,81,81,OBC/X/OP,Y,1,

"*InURcategory,Othercategorycandidatesarealsoallotted",,,Page8 of39,,,,,,,,,,,
"DIRECTORATEOFTECHNICALEDUCATION,MADHYAPRADESH",,,,,,,,,,,,,,
LATERALENTRYBTECH,,,,,,,,,,,,,,
OPENINGCLOSINGRANK-FIRSTROUND2026,,,,,,,,,,,,,,
BASEDONQUALIFYINGEXAM DATE:06.08.2026,,,,,,,,,,,,,,
S.No.,INST_NAME,,INST_TYPE,FW,,BRANCH,OPENING_RANK,CLOSING_RANK,OPENING_MERIT,CLOSING_MERIT,ALLOTTED_CATEGORY,DOMICILE,TOTAL_ALLOTTED,
229,"JABALPURENGINEERINGCOLLEGE,JABALPUR,(JEC)(1947)",,GOVT,N,,EE,406,406,80.1,80.1,OBC/X/OP,Y,1,
230,"JABALPURENGINEERINGCOLLEGE,JABALPUR,(JEC)(1947)",,GOVT,N,,IT,417,417,80,80,OBC/X/OP,Y,1,
231,"JABALPURENGINEERINGCOLLEGE,JABALPUR,(JEC)(1947)",,GOVT,N,,CIVIL,450,450,79.7,79.7,OBC/X/OP,Y,1,
232,"JABALPURENGINEERINGCOLLEGE,JABALPUR,(JEC)(1947)",,GOVT,N,,MECH,1150,1150,74.5,74.5,OBC/X/OP,Y,1,
233,"JABALPURENGINEERINGCOLLEGE,JABALPUR,(JEC)(1947)",,GOVT,N,,EC,1161,1310,74.4,73.6,OBC/X/OP,Y,2,
234,"JABALPURENGINEERINGCOLLEGE,JABALPUR,(JEC)(1947)",,GOVT,N,,MTENG,3009,3009,64.3,64.3,OBC/X/OP,Y,1,
235,"JABALPURENGINEERINGCOLLEGE,JABALPUR,(JEC)(1947)",,GOVT,N,,EC,1232,1232,74,74,SC/X/F,Y,1,
236,"JABALPURENGINEERINGCOLLEGE,JABALPUR,(JEC)(1947)",,GOVT,N,,IT,2576,2576,67.3,67.3,SC/X/F,Y,1,
237,"JABALPURENGINEERINGCOLLEGE,JABALPUR,(JEC)(1947)",,GOVT,N,,CSE,505,505,79.2,79.2,SC/X/OP,Y,1,
238,"JABALPURENGINEERINGCOLLEGE,JABALPUR,(JEC)(1947)",,GOVT,N,,EE,947,947,75.7,75.7,SC/X/OP,Y,1,
239,"JABALPURENGINEERINGCOLLEGE,JABALPUR,(JEC)(1947)",,GOVT,N,,CIVIL,1206,1206,74.11,74.11,SC/X/OP,Y,1,
240,"JABALPURENGINEERINGCOLLEGE,JABALPUR,(JEC)(1947)",,GOVT,N,,AIAIDS,1358,1358,73.3,73.3,SC/X/OP,Y,1,
241,"JABALPURENGINEERINGCOLLEGE,JABALPUR,(JEC)(1947)",,GOVT,N,,IT,2387,2387,68.3,68.3,SC/X/OP,Y,1,
242,"JABALPURENGINEERINGCOLLEGE,JABALPUR,(JEC)(1947)",,GOVT,N,,MECH,2390,2735,68.3,66.3,SC/X/OP,Y,2,
243,"JABALPURENGINEERINGCOLLEGE,JABALPUR,(JEC)(1947)",,GOVT,N,,EC,2044,3107,70.1,63.4,SC/X/OP,Y,2,
244,"JABALPURENGINEERINGCOLLEGE,JABALPUR,(JEC)(1947)",,GOVT,N,,MTENG,3136,3136,62.9,62.9,SC/X/OP,Y,1,
245,"JABALPURENGINEERINGCOLLEGE,JABALPUR,(JEC)(1947)",,GOVT,N,,CSE,982,982,75.5,75.5,ST/X/F,Y,1,
246,"JABALPURENGINEERINGCOLLEGE,JABALPUR,(JEC)(1947)",,GOVT,N,,IT,1080,1080,74.9,74.9,ST/X/F,Y,1,
247,"JABALPURENGINEERINGCOLLEGE,JABALPUR,(JEC)(1947)",,GOVT,N,,MECH,1631,1631,72.1,72.1,ST/X/F,Y,1,
248,"JABALPURENGINEERINGCOLLEGE,JABALPUR,(JEC)(1947)",,GOVT,N,,EE,129,129,84.5,84.5,ST/X/OP,Y,1,
249,"JABALPURENGINEERINGCOLLEGE,JABALPUR,(JEC)(1947)",,GOVT,N,,CIVIL,469,469,79.5,79.5,ST/X/OP,Y,1,
250,"JABALPURENGINEERINGCOLLEGE,JABALPUR,(JEC)(1947)",,GOVT,N,,CSE,995,995,75.4,75.4,ST/X/OP,Y,1,
251,"JABALPURENGINEERINGCOLLEGE,JABALPUR,(JEC)(1947)",,GOVT,N,,AIAIDS,1013,1013,75.3,75.3,ST/X/OP,Y,1,
252,"JABALPURENGINEERINGCOLLEGE,JABALPUR,(JEC)(1947)",,GOVT,N,,IT,1219,1219,74.1,74.1,ST/X/OP,Y,1,
253,"JABALPURENGINEERINGCOLLEGE,JABALPUR,(JEC)(1947)",,GOVT,N,,EE,40,40,88.4,88.4,UR/X/F,Y,1,
254,"JABALPURENGINEERINGCOLLEGE,JABALPUR,(JEC)(1947)",,GOVT,N,,IT,63,63,87.4,87.4,UR/X/F,Y,1,
255,"JABALPURENGINEERINGCOLLEGE,JABALPUR,(JEC)(1947)",,GOVT,N,,CIVIL,144,144,84.3,84.3,UR/X/F,Y,1,
256,"JABALPURENGINEERINGCOLLEGE,JABALPUR,(JEC)(1947)",,GOVT,N,,CSE,119,168,84.9,83.7,UR/X/F,Y,2,
257,"JABALPURENGINEERINGCOLLEGE,JABALPUR,(JEC)(1947)",,GOVT,N,,AIAIDS,261,261,82.1,82.1,UR/X/F,Y,1,
258,"JABALPURENGINEERINGCOLLEGE,JABALPUR,(JEC)(1947)",,GOVT,N,,EC,987,987,75.5,75.5,UR/X/F,Y,1,
259,"JABALPURENGINEERINGCOLLEGE,JABALPUR,(JEC)(1947)",,GOVT,N,,MECH,1218,1218,74.1,74.1,UR/X/F,Y,1,
260,"JABALPURENGINEERINGCOLLEGE,JABALPUR,(JEC)(1947)",,GOVT,N,,EE,56,59,87.6,87.5,UR/X/OP,Y,2,
261,"JABALPURENGINEERINGCOLLEGE,JABALPUR,(JEC)(1947)",,GOVT,N,,CSE,160,198,83.8,83.1,UR/X/OP,Y,3,
262,"JABALPURENGINEERINGCOLLEGE,JABALPUR,(JEC)(1947)",,GOVT,N,,AIAIDS,128,269,84.6,82,UR/X/OP,Y,2,
263,"JABALPURENGINEERINGCOLLEGE,JABALPUR,(JEC)(1947)",,GOVT,N,,CIVIL,267,298,82,81.6,UR/X/OP,Y,2,
264,"JABALPURENGINEERINGCOLLEGE,JABALPUR,(JEC)(1947)",,GOVT,N,,IT,260,313,82.1,81.3,UR/X/OP,Y,3,
265,"JABALPURENGINEERINGCOLLEGE,JABALPUR,(JEC)(1947)",,GOVT,N,,MECH,804,980,76.7,75.5,UR/X/OP,Y,3,
266,"JABALPURENGINEERINGCOLLEGE,JABALPUR,(JEC)(1947)",,GOVT,N,,EC,767,1093,76.9,74.77,UR/X/OP,Y,3,
267,"JABALPURENGINEERINGCOLLEGE,JABALPUR,(JEC)(1947)",,GOVT,N,,MTENG,442,1551,79.7,72.5,UR/X/OP,Y,3,

"*InURcategory,Othercategorycandidatesarealsoallotted",,,Page9 of39,,,,,,,,,,,
"DIRECTORATEOFTECHNICALEDUCATION,MADHYAPRADESH",,,,,,,,,,,,,,
LATERALENTRYBTECH,,,,,,,,,,,,,,
OPENINGCLOSINGRANK-FIRSTROUND2026,,,,,,,,,,,,,,
BASEDONQUALIFYINGEXAM DATE:06.08.2026,,,,,,,,,,,,,,
S.No.,INST_NAME,,,INST_TYPE,FW,BRANCH,OPENING_RANK,CLOSING_RANK,OPENING_MERIT,CLOSING_MERIT,ALLOTTED_CATEGORY,DOMICILE,TOTAL_ALLOTTED,
268,"JABALPURENGINEERINGCOLLEGE,JABALPUR,(JEC)(1947)",,,GOVT,N,IP,1176,2800,74.3,65.9,UR/X/OP,Y,3,
269,"JABALPURENGINEERINGCOLLEGE,JABALPUR,(JEC)(1947)",,,GOVT,N,MTENG,1908,1908,70.9,70.9,"UR/X/OP(After
Conversion)",Y,1,
270,"JaiNarainCollegeofTechnology,Bhopal(2003)",,,Private,N,MECH,8,8,92,92,UR/X/OP,,1,
271,"JaiNarainCollegeofTechnology,Bhopal(2003)",,,Private,N,ELECTELEX,294,1951,81.6,70.62,UR/X/OP,,4,
272,"JaiNarainCollegeofTechnology,Bhopal(2003)",,,Private,N,CSEIML,2229,2791,69.16,66,UR/X/OP,,2,
273,"JaiNarainCollegeofTechnology,Bhopal(2003)",,,Private,N,CSE,1070,2955,75,64.7,UR/X/OP,,4,
274,"JawaharlalInstituteofTechnology,Borawan,Khargone (1997)",,,Private,N,ELECTELEX,2481,2481,67.8,67.8,OBC/X/OP,,1,
275,"JawaharlalInstitute ofTechnology,Borawan,Khargone (1997)",,,Private,N,CSEIML,2677,2677,66.7,66.7,OBC/X/OP,,1,
276,"JawaharlalInstitute ofTechnology,Borawan,Khargone (1997)",,,Private,N,CSEIML,2991,3015,64.4,64.2,ST/X/OP,,2,
277,"JawaharlalInstitute ofTechnology,Borawan,Khargone (1997)",,,Private,N,EC,704,1763,77.3,71.5,UR/X/OP,,3,
278,"JawaharlalInstitute ofTechnology,Borawan,Khargone (1997)",,,Private,N,CSEIML,481,2041,79.5,70.1,UR/X/OP,,6,
279,"JawaharlalInstituteofTechnology,Borawan,Khargone (1997)",,,Private,N,ELECTELEX,1156,2252,74.4,69,UR/X/OP,,6,
280,"JawaharlalInstitute ofTechnology,Borawan,Khargone (1997)",,,Private,N,MECH,1363,3059,73.3,63.9,UR/X/OP,,9,
281,"JawaharlalInstitute ofTechnology,Borawan,Khargone (1997)",,,Private,N,CSE,620,3137,78.06,62.9,UR/X/OP,,6,
282,"JawaharlalInstitute ofTechnology,Borawan,Khargone (1997)",,,Private,N,CIVIL,585,3516,78.3,52.9,UR/X/OP,,7,
283,"JawaharlalInstituteofTechnology,Borawan,Khargone (1997)",,,Private,N,CSEIML,2581,2831,67.3,65.7,"UR/X/OP(After
Conversion)",,2,
284,"JawaharlalNehruCollegeofTechnology,Rewa(2007)",,,private,N,MINING,855,3345,76.4,60.4,OBC/X/OP,,9,
285,"JawaharlalNehruCollegeofTechnology,Rewa(2007)",,,Private,N,ELECTELEX,3363,3386,60.1,59.7,OBC/X/OP,,2,
286,"JawaharlalNehruCollegeofTechnology,Rewa(2007)",,,private,N,MINING,1920,3265,70.8,61.6,SC/X/OP,,3,
287,"JawaharlalNehruCollegeofTechnology,Rewa(2007)",,,private,N,MINING,73,802,86.7,76.7,UR/X/OP,,24,
288,"JawaharlalNehruCollegeofTechnology,Rewa(2007)",,,Private,N,EC,1197,1197,74.2,74.2,UR/X/OP,,1,
289,"JawaharlalNehruCollegeofTechnology,Rewa(2007)",,,Private,N,CSE,1705,2864,71.7,65.4,UR/X/OP,,5,
290,"JawaharlalNehruCollegeofTechnology,Rewa(2007)",,,Private,N,ELECTELEX,568,3291,78.4,61.2,UR/X/OP,,14,
291,"JawaharlalNehruCollegeofTechnology,Rewa(2007)",,,Private,N,MECH,553,3376,78.61,59.9,UR/X/OP,,7,
292,"JawaharlalNehruCollegeofTechnology,Rewa(2007)",,,private,N,CIVIL,684,3528,77.5,50.9,UR/X/OP,,10,
293,"JawaharlalNehruCollegeofTechnology,Rewa(2007)",,,private,N,MINING,844,2621,76.4,67,"UR/X/OP(After
Conversion)",,13,
294,"JawaharlalNehruCollegeofTechnology,Rewa(2007)",,,Private,N,CSE,3028,3447,64.1,57.6,"UR/X/OP(After
Conversion)",,4,
295,"LakshmiNarainCollegeofTechnology&Science(RIT),Indore
(2002)",,,Private,N,EC,556,556,78.6,78.6,UR/X/OP,,1,

"*InURcategory,Othercategorycandidatesarealsoallotted",,,Page10of39,,,,,,,,,,,
"DIRECTORATEOFTECHNICALEDUCATION,MADHYAPRADESH",,,,,,,,,,,,,,
LATERALENTRYBTECH,,,,,,,,,,,,,,
OPENINGCLOSINGRANK-FIRSTROUND2026,,,,,,,,,,,,,,
BASEDONQUALIFYINGEXAM DATE:06.08.2026,,,,,,,,,,,,,,
S.No.,INST_NAME,,,INST_TYPE,FW,BRANCH,OPENING_RANK,CLOSING_RANK,OPENING_MERIT,CLOSING_MERIT,ALLOTTED_CATEGORY,DOMICILE,TOTAL_ALLOTTED,
296,"LakshmiNarainCollegeofTechnology&Science(RIT),Indore
(2002)",,,Private,N,CIVIL,2646,2646,66.9,66.9,UR/X/OP,,1,
297,"LakshmiNarainCollegeofTechnology&Science(RIT),Indore
(2002)",,,Private,N,CSE,3120,3120,63.2,63.2,UR/X/OP,,1,
298,"LakshmiNarainCollegeofTechnology&Science,Bhopal(2006)",,,Private,N,CSE,39,2158,88.6,69.51,UR/X/OP,,9,
299,"LakshmiNarainCollegeofTechnology&Science,Bhopal(2006)",,,Private,N,CSECS,401,2540,80.13,67.5,UR/X/OP,,4,
300,"LakshmiNarainCollegeofTechnology&Science,Bhopal(2006)",,,Private,N,CSE,2330,3117,68.67,63.3,"UR/X/OP(After
Conversion)",,3,
301,"LakshmiNarainCollegeofTechnologyExcellence,Bhopal
(2007)",,,Private,N,MECH,120,1192,84.9,74.2,UR/X/OP,,2,
302,"LakshmiNarainCollegeofTechnologyExcellence,Bhopal
(2007)",,,Private,N,CSEIML,2017,2941,70.22,64.8,UR/X/OP,,4,
303,"LakshmiNarainCollegeofTechnologyExcellence,Bhopal
(2007)",,,Private,N,CSE,2059,3129,70,63.02,UR/X/OP,,2,
304,"LakshmiNarainCollegeofTechnology,Bhopal(1994)",,,Private,N,ELECTELEX,2710,2710,66.5,66.5,OBC/X/OP,,1,
305,"LakshmiNarainCollegeofTechnology,Bhopal(1994)",,,Private,N,CSEIML,3352,3352,60.3,60.3,OBC/X/OP,,1,
306,"LakshmiNarainCollegeofTechnology,Bhopal(1994)",,,Private,N,CSE,1123,3353,74.6,60.3,OBC/X/OP,,10,
307,"LakshmiNarainCollegeofTechnology,Bhopal(1994)",,,Private,N,CSEIML,3179,3179,62.5,62.5,SC/X/OP,,1,
308,"LakshmiNarainCollegeofTechnology,Bhopal(1994)",,,Private,N,CSEIML,3227,3227,62.1,62.1,ST/X/OP,,1,
309,"LakshmiNarainCollegeofTechnology,Bhopal(1994)",,,Private,N,CSE,36,547,89.2,78.7,UR/X/OP,,18,
310,"LakshmiNarainCollegeofTechnology,Bhopal(1994)",,,Private,N,ELECTELEX,45,824,88.13,76.58,UR/X/OP,,3,
311,"LakshmiNarainCollegeofTechnology,Bhopal(1994)",,,Private,N,CIVIL,610,2241,78.1,69.1,UR/X/OP,,3,
312,"LakshmiNarainCollegeofTechnology,Bhopal(1994)",,,Private,N,EC,503,2250,79.26,69.02,UR/X/OP,,3,
313,"LakshmiNarainCollegeofTechnology,Bhopal(1994)",,,Private,N,CSEAIADS,1296,2474,73.7,67.9,UR/X/OP,,5,
314,"LakshmiNarainCollegeofTechnology,Bhopal(1994)",,,Private,N,MECH,1262,2626,73.9,67,UR/X/OP,,3,
315,"LakshmiNarainCollegeofTechnology,Bhopal(1994)",,,Private,N,CSEIML,793,3043,76.78,64,UR/X/OP,,18,
316,"LakshmiNarainCollegeofTechnology,Bhopal(1994)",,,Private,N,ELECTELEX,930,930,75.8,75.8,"UR/X/OP(After
Conversion)",,1,
317,"LakshmiNarainCollegeofTechnology,Bhopal(1994)",,,Private,N,CSE,560,1050,78.5,75.1,"UR/X/OP(After
Conversion)",,8,
318,"LakshmiNarainCollegeofTechnology,Bhopal(1994)",,,Private,N,CIVIL,2668,3105,66.8,63.42,"UR/X/OP(After
Conversion)",,3,
319,"LakshmiNarainCollegeofTechnology,Bhopal(1994)",,,Private,N,MECH,2784,3308,66,61,"UR/X/OP(After
Conversion)",,3,

"*InURcategory,Othercategorycandidatesarealsoallotted",,,Page11of39,,,,,,,,,,,
"DIRECTORATEOFTECHNICALEDUCATION,MADHYAPRADESH",,,,,,,,,,,,,,
LATERALENTRYBTECH,,,,,,,,,,,,,,
OPENINGCLOSINGRANK-FIRSTROUND2026,,,,,,,,,,,,,,
BASEDONQUALIFYINGEXAM DATE:06.08.2026,,,,,,,,,,,,,,
S.No.,INST_NAME,,,INST_TYPE,FW,BRANCH,OPENING_RANK,CLOSING_RANK,OPENING_MERIT,CLOSING_MERIT,ALLOTTED_CATEGORY,DOMICILE,TOTAL_ALLOTTED,
320,"LakshmiNarainCollegeofTechnology,Bhopal(1994)",,,Private,N,CSEIML,3146,3486,62.9,54.9,"UR/X/OP(After
Conversion)",,8,
321,"LakshmiNarainCollegeofTechnology,Indore(2004)",,,Private,N,ELECTELEX,2720,2720,66.4,66.4,OBC/X/OP,,1,
322,"LakshmiNarainCollegeofTechnology,Indore(2004)",,,Private,N,CSE,1147,1209,74.5,74.1,UR/X/OP,,2,
323,"LakshmiNarainCollegeofTechnology,Indore(2004)",,,Private,N,ELECTELEX,2236,2236,69.1,69.1,UR/X/OP,,1,
324,"LakshmiNarainCollegeofTechnology,Indore(2004)",,,Private,N,MECH,3494,3494,54.58,54.58,UR/X/OP,,1,
325,"LakshmiNarainCollegeofTechnology,Jabalpur(2008)",,,Private,N,CSEIML,136,1826,84.4,71.24,UR/X/OP,,3,
326,"LakshmiNarainCollegeofTechnology,Jabalpur(2008)",,,Private,N,CSE,1606,2585,72.2,67.22,UR/X/OP,,4,
327,"LakshmiNarainCollegeofTechnology,Jabalpur(2008)",,,Private,N,CIVIL,841,3222,76.44,62.1,UR/X/OP,,8,
328,"LakshmiNarainCollegeofTechnology,Jabalpur(2008)",,,Private,N,MECH,184,3509,83.33,53.39,UR/X/OP,,13,
329,"LAXMIPATIINSTITUTEOFSCIENCE&TECHNOLOGY,BHOPAL
(2008)",,,Private,N,CSE,599,3167,78.18,62.6,UR/X/OP,,4,
330,"LAXMIPATIINSTITUTEOFSCIENCE&TECHNOLOGY,BHOPAL
(2008)",,,Private,N,MECH,307,3262,81.4,61.68,UR/X/OP,,8,
331,"LAXMIPATIINSTITUTEOFSCIENCE&TECHNOLOGY,BHOPAL
(2008)",,,Private,N,ELECTELEX,1407,3336,73.07,60.56,UR/X/OP,,8,
332,"LAXMIPATIINSTITUTEOFSCIENCE&TECHNOLOGY,BHOPAL
(2008)",,,private,N,CIVIL,1170,3508,74.31,53.47,UR/X/OP,,9,
333,LNCT(BHOPAL)INDORECAMPUS(2006),,,Private,N,EC,317,317,81.2,81.2,UR/X/OP,,1,
334,LNCT(BHOPAL)INDORECAMPUS(2006),,,Private,N,CIVIL,1007,2738,75.31,66.3,UR/X/OP,,3,
335,LNCT(BHOPAL)INDORECAMPUS(2006),,,private,N,MECH,1006,3249,75.32,61.8,UR/X/OP,,15,
336,LNCT(BHOPAL)INDORECAMPUS(2006),,,Private,N,CSE,866,3346,76.3,60.4,UR/X/OP,,14,
337,LNCT(BHOPAL)INDORECAMPUS(2006),,,private,N,MECH,3333,3333,60.63,60.63,"UR/X/OP(After
Conversion)",,1,
338,"MadhavInstitute ofTechnologyandScience,Gwalior(1957)
(DeemedUniversity)",,,GOVT,N,CSE,812,812,76.7,76.7,OBC/X/F,Y,1,
339,"MadhavInstitute ofTechnologyandScience,Gwalior(1957)
(DeemedUniversity)",,,GOVT,N,CSE,498,498,79.3,79.3,OBC/X/OP,Y,1,
340,"MadhavInstitute ofTechnologyandScience,Gwalior(1957)
(DeemedUniversity)",,,GOVT,N,CST,744,1018,77.1,75.3,OBC/X/OP,Y,3,
341,"MadhavInstitute ofTechnologyandScience,Gwalior(1957)
(DeemedUniversity)",,,GOVT,N,AIML,1255,1255,73.9,73.9,OBC/X/OP,Y,1,
342,"MadhavInstitute ofTechnologyandScience,Gwalior(1957)
(DeemedUniversity)",,,GOVT,N,AIAIDS,1495,1495,72.7,72.7,OBC/X/OP,Y,1,
343,"MadhavInstitute ofTechnologyandScience,Gwalior(1957)
(DeemedUniversity)",,,GOVT,N,IT,1311,1902,73.6,70.9,OBC/X/OP,Y,4,

"*InURcategory,Othercategorycandidatesarealsoallotted",,,Page12of39,,,,,,,,,,,
"DIRECTORATEOFTECHNICALEDUCATION,MADHYAPRADESH",,,,,,,,,,,,,,
LATERALENTRYBTECH,,,,,,,,,,,,,,
OPENINGCLOSINGRANK-FIRSTROUND2026,,,,,,,,,,,,,,
BASEDONQUALIFYINGEXAM DATE:06.08.2026,,,,,,,,,,,,,,
S.No.,INST_NAME,,,INST_TYPE,FW,BRANCH,OPENING_RANK,CLOSING_RANK,OPENING_MERIT,CLOSING_MERIT,ALLOTTED_CATEGORY,DOMICILE,TOTAL_ALLOTTED,
344,"MadhavInstitute ofTechnologyandScience,Gwalior(1957)
(DeemedUniversity)",,,GOVT,N,ITAIAR,1894,2547,70.94,67.5,OBC/X/OP,Y,3,
345,"MadhavInstitute ofTechnologyandScience,Gwalior(1957)
(DeemedUniversity)",,,GOVT,N,AI,1796,2954,71.4,64.7,OBC/X/OP,Y,4,
346,"MadhavInstitute ofTechnologyandScience,Gwalior(1957)
(DeemedUniversity)",,,GOVT,N,CSE,1589,1589,72.3,72.3,SC/X/F,Y,1,
347,"MadhavInstitute ofTechnologyandScience,Gwalior(1957)
(DeemedUniversity)",,,GOVT,N,CSE,1904,2659,70.9,66.8,SC/X/OP,Y,2,
348,"MadhavInstitute ofTechnologyandScience,Gwalior(1957)
(DeemedUniversity)",,,GOVT,N,IT,2436,2859,68.1,65.5,SC/X/OP,Y,2,
349,"MadhavInstitute ofTechnologyandScience,Gwalior(1957)
(DeemedUniversity)",,,GOVT,N,AIML,2715,2877,66.5,65.3,SC/X/OP,Y,2,
350,"MadhavInstitute ofTechnologyandScience,Gwalior(1957)
(DeemedUniversity)",,,GOVT,N,AIAIDS,3362,3362,60.1,60.1,SC/X/OP,Y,1,
351,"MadhavInstitute ofTechnologyandScience,Gwalior(1957)
(DeemedUniversity)",,,GOVT,N,AIAIDS,2167,2167,69.5,69.5,ST/X/OP,Y,1,
352,"MadhavInstitute ofTechnologyandScience,Gwalior(1957)
(DeemedUniversity)",,,GOVT,N,CSE,2429,2429,68.1,68.1,ST/X/OP,Y,1,
353,"MadhavInstitute ofTechnologyandScience,Gwalior(1957)
(DeemedUniversity)",,,GOVT,N,CSE,199,217,83.1,82.8,UR/X/F,Y,2,
354,"MadhavInstitute ofTechnologyandScience,Gwalior(1957)
(DeemedUniversity)",,,GOVT,N,AIML,239,239,82.5,82.5,UR/X/F,Y,1,
355,"MadhavInstitute ofTechnologyandScience,Gwalior(1957)
(DeemedUniversity)",,,GOVT,N,CHEM,674,674,77.6,77.6,UR/X/F,Y,1,
356,"MadhavInstitute ofTechnologyandScience,Gwalior(1957)
(DeemedUniversity)",,,GOVT,N,CST,730,730,77.2,77.2,UR/X/F,Y,1,
357,"MadhavInstitute ofTechnologyandScience,Gwalior(1957)
(DeemedUniversity)",,,GOVT,N,EE,774,774,76.9,76.9,UR/X/F,Y,1,
358,"MadhavInstitute ofTechnologyandScience,Gwalior(1957)
(DeemedUniversity)",,,GOVT,N,IT,814,885,76.7,76.1,UR/X/F,Y,2,
359,"MadhavInstitute ofTechnologyandScience,Gwalior(1957)
(DeemedUniversity)",,,GOVT,N,ITAIAR,1888,1888,71,71,UR/X/F,Y,1,
360,"MadhavInstitute ofTechnologyandScience,Gwalior(1957)
(DeemedUniversity)",,,GOVT,N,AIAIDS,1945,1945,70.7,70.7,UR/X/F,Y,1,
361,"MadhavInstitute ofTechnologyandScience,Gwalior(1957)
(DeemedUniversity)",,,GOVT,N,INOT,2326,2326,68.7,68.7,UR/X/F,Y,1,
362,"MadhavInstitute ofTechnologyandScience,Gwalior(1957)
(DeemedUniversity)",,,GOVT,N,AI,1822,2776,71.3,66.1,UR/X/F,Y,2,

"*InURcategory,Othercategorycandidatesarealsoallotted",,,Page13of39,,,,,,,,,,,
"DIRECTORATEOFTECHNICALEDUCATION,MADHYAPRADESH",,,,,,,,,,,,,,
LATERALENTRYBTECH,,,,,,,,,,,,,,
OPENINGCLOSINGRANK-FIRSTROUND2026,,,,,,,,,,,,,,
BASEDONQUALIFYINGEXAM DATE:06.08.2026,,,,,,,,,,,,,,
S.No.,INST_NAME,,,INST_TYPE,FW,BRANCH,OPENING_RANK,CLOSING_RANK,OPENING_MERIT,CLOSING_MERIT,ALLOTTED_CATEGORY,DOMICILE,TOTAL_ALLOTTED,
363,"MadhavInstitute ofTechnologyandScience,Gwalior(1957)
(DeemedUniversity)",,,GOVT,N,CIVIL,2962,2962,64.6,64.6,UR/X/F,Y,1,
364,"MadhavInstitute ofTechnologyandScience,Gwalior(1957)
(DeemedUniversity)",,,GOVT,N,CSE,131,459,84.5,79.6,UR/X/OP,Y,4,
365,"MadhavInstitute ofTechnologyandScience,Gwalior(1957)
(DeemedUniversity)",,,GOVT,N,AIML,512,592,79.1,78.2,UR/X/OP,Y,2,
366,"MadhavInstitute ofTechnologyandScience,Gwalior(1957)
(DeemedUniversity)",,,GOVT,N,CST,489,742,79.4,77.1,UR/X/OP,Y,2,
367,"MadhavInstitute ofTechnologyandScience,Gwalior(1957)
(DeemedUniversity)",,,GOVT,N,IT,525,1148,78.9,74.5,UR/X/OP,Y,4,
368,"MadhavInstitute ofTechnologyandScience,Gwalior(1957)
(DeemedUniversity)",,,GOVT,N,AI,1084,1312,74.9,73.6,UR/X/OP,Y,4,
369,"MadhavInstitute ofTechnologyandScience,Gwalior(1957)
(DeemedUniversity)",,,GOVT,N,AIAIDS,876,1423,76.2,73,UR/X/OP,Y,2,
370,"MadhavInstitute ofTechnologyandScience,Gwalior(1957)
(DeemedUniversity)",,,GOVT,N,INOT,1379,1493,73.2,72.7,UR/X/OP,Y,2,
371,"MadhavInstitute ofTechnologyandScience,Gwalior(1957)
(DeemedUniversity)",,,GOVT,N,ITAIAR,1198,1498,74.2,72.7,UR/X/OP,Y,2,
372,"MadhavInstitute ofTechnologyandScience,Gwalior(1957)
(DeemedUniversity)",,,GOVT,N,MAC,1847,1847,71.17,71.17,UR/X/OP,Y,1,
373,"MadhavInstitute ofTechnologyandScience,Gwalior(1957)
(DeemedUniversity)",,,GOVT,N,"Electronics
and
Telecommu
nications",1223,2419,74.1,68.2,UR/X/OP,Y,4,
374,"MadhavInstitute ofTechnologyandScience,Gwalior(1957)
(DeemedUniversity)",,,GOVT,N,CSBS,2625,2625,67,67,UR/X/OP,Y,1,
375,"MadhavInstitute ofTechnologyandScience,Gwalior(1957)
(DeemedUniversity)",,,GOVT,N,EACE,1856,2914,71.1,65,UR/X/OP,Y,2,
376,"MadhavInstitute ofTechnologyandScience,Gwalior(1957)
(DeemedUniversity)",,,GOVT,N,MECH,1367,3018,73.3,64.2,UR/X/OP,Y,9,
377,"MadhavInstitute ofTechnologyandScience,Gwalior(1957)
(DeemedUniversity)",,,GOVT,N,CHEM,1569,3126,72.4,63.1,UR/X/OP,Y,3,
378,"MadhavInstitute ofTechnologyandScience,Gwalior(1957)
(DeemedUniversity)",,,GOVT,N,CIVIL,743,3204,77.1,62.3,UR/X/OP,Y,14,
379,"MadhavInstitute ofTechnologyandScience,Gwalior(1957)
(DeemedUniversity)",,,GOVT,N,CSD,773,3217,76.9,62.2,UR/X/OP,Y,4,
380,"MadhavInstitute ofTechnologyandScience,Gwalior(1957)
(DeemedUniversity)",,,GOVT,N,EE,412,3501,80,54.3,UR/X/OP,Y,11,

"*InURcategory,Othercategorycandidatesarealsoallotted",,,Page14of39,,,,,,,,,,,
"DIRECTORATEOFTECHNICALEDUCATION,MADHYAPRADESH",,,,,,,,,,,,,,
LATERALENTRYBTECH,,,,,,,,,,,,,,
OPENINGCLOSINGRANK-FIRSTROUND2026,,,,,,,,,,,,,,
BASEDONQUALIFYINGEXAM DATE:06.08.2026,,,,,,,,,,,,,,
S.No.,INST_NAME,,,INST_TYPE,FW,BRANCH,OPENING_RANK,CLOSING_RANK,OPENING_MERIT,CLOSING_MERIT,ALLOTTED_CATEGORY,DOMICILE,TOTAL_ALLOTTED,
381,"MadhavInstitute ofTechnologyandScience,Gwalior(1957)
(DeemedUniversity)",,,GOVT,N,AI,1370,1522,73.3,72.6,"UR/X/OP(After
Conversion)",Y,2,
382,"MahakalInstituteTechnology&Management,Ujjain(2007)",,,Private,N,CSE,1635,1635,72.1,72.1,UR/X/OP,,1,
383,"MahakalInstuteofTechnology,Ujjain(2001)",,,Private,N,ELECTELEX,1839,1839,71.2,71.2,OBC/X/OP,,1,
384,"MahakalInstuteofTechnology,Ujjain(2001)",,,Private,N,ELECTELEX,3375,3375,59.9,59.9,SC/X/OP,,1,
385,"MahakalInstuteofTechnology,Ujjain(2001)",,,Private,N,ELECTELEX,537,537,78.7,78.7,UR/X/OP,,1,
386,"MahakalInstuteofTechnology,Ujjain(2001)",,,Private,N,MECH,1442,1442,72.9,72.9,UR/X/OP,,1,
387,"MahakalInstuteofTechnology,Ujjain(2001)",,,Private,N,EC,1033,1443,75.2,72.9,UR/X/OP,,2,
388,"MahakalInstuteofTechnology,Ujjain(2001)",,,Private,N,CSE,682,1843,77.5,71.2,UR/X/OP,,2,
389,"MahakalInstuteofTechnology,Ujjain(2001)",,,Private,N,CSEIML,2050,2050,70.05,70.05,UR/X/OP,,1,
390,"MahakalInstuteofTechnology,Ujjain(2001)",,,Private,N,CIVIL,3507,3507,53.7,53.7,UR/X/OP,,1,
391,"MahakalInstuteofTechnology,Ujjain(2001)",,,Private,N,MECH,1667,1667,71.9,71.9,"UR/X/OP(After
Conversion)",,1,
392,"MaharanaPratapCollegeofTechnology,Gwalior(1996)",,,Private,N,CSE,2965,3382,64.6,59.8,SC/X/OP,,3,
393,"MaharanaPratapCollegeofTechnology,Gwalior(1996)",,,Private,N,CSE,2302,2808,68.8,65.9,UR/X/OP,,3,
394,"MaharanaPratapCollegeofTechnology,Gwalior(1996)",,,Private,N,IT,2834,2834,65.7,65.7,UR/X/OP,,1,
395,"MaharanaPratapCollegeofTechnology,Gwalior(1996)",,,Private,N,MECH,729,2923,77.2,64.9,UR/X/OP,,2,
396,"MaharanaPratapCollegeofTechnology,Gwalior(1996)",,,Private,N,EE,3049,3108,63.9,63.4,UR/X/OP,,2,
397,"MalwaInstituteofScience&Technology,Indore(2008)",,,Private,N,MECH,2722,2722,66.4,66.4,UR/X/OP,,1,
398,"MalwaInstituteofScience&Technology,Indore(2008)",,,Private,N,AIML,3312,3312,61,61,UR/X/OP,,1,
399,"MalwaInstituteofScience&Technology,Indore(2008)",,,Private,N,CSE,3188,3503,62.4,54.18,UR/X/OP,,2,
400,"MalwaInstituteofTechnology,Indore(2004)",,,Private,N,CSE,663,663,77.7,77.7,UR/X/OP,,1,
401,"MalwaInstituteofTechnology,Indore(2004)",,,Private,N,MECH,2346,3330,68.58,60.75,UR/X/OP,,3,
402,"MalwaInstitute ofTechnology,Indore(2004)",,,Private,N,ELECTELEX,11,3534,90.7,49.22,UR/X/OP,,9,
403,"MilleniumInstitute ofTechnologyandScience,Bhopal(2007)",,,Private,N,EC,411,411,80.01,80.01,UR/X/OP,,1,
404,"MilleniumInstitute ofTechnologyandScience,Bhopal(2007)",,,Private,N,CSE,1287,1287,73.7,73.7,UR/X/OP,,1,
405,"MilleniumInstitute ofTechnologyandScience,Bhopal(2007)",,,private,N,MECH,130,2780,84.5,66.05,UR/X/OP,,4,
406,"MilleniumInstituteofTechnologyandScience,Bhopal(2007)",,,Private,N,ELECTELEX,991,3071,75.41,63.75,UR/X/OP,,5,
407,"MilleniumInstitute ofTechnologyandScience,Bhopal(2007)",,,Private,N,CIVIL,422,3275,79.9,61.41,UR/X/OP,,7,
408,"MITTALINSTITUTEOFTECHNOLOGY,BHOPAL (2007)",,,private,N,EE,2256,3229,69,62.1,UR/X/OP,,2,
409,"NowgongEngineeringCollege,Nowgong(NEC)(2012)",,,GOVT,N,EE,2184,2184,69.4,69.4,UR/X/F,Y,1,
410,"NowgongEngineeringCollege,Nowgong(NEC)(2012)",,,GOVT,N,CIVIL,1998,2484,70.4,67.8,UR/X/F,Y,2,
411,"NowgongEngineeringCollege,Nowgong(NEC)(2012)",,,GOVT,N,EI,1394,2654,73.1,66.8,UR/X/OP,Y,2,
412,"NowgongEngineeringCollege,Nowgong(NEC)(2012)",,,GOVT,N,EE,1973,2951,70.5,64.7,UR/X/OP,Y,5,

"*InURcategory,Othercategorycandidatesarealsoallotted",,,Page15of39,,,,,,,,,,,
"DIRECTORATEOFTECHNICALEDUCATION,MADHYAPRADESH",,,,,,,,,,,,,,
LATERALENTRYBTECH,,,,,,,,,,,,,,
OPENINGCLOSINGRANK-FIRSTROUND2026,,,,,,,,,,,,,,
BASEDONQUALIFYINGEXAM DATE:06.08.2026,,,,,,,,,,,,,,
S.No.,INST_NAME,,,INST_TYPE,FW,BRANCH,OPENING_RANK,CLOSING_RANK,OPENING_MERIT,CLOSING_MERIT,ALLOTTED_CATEGORY,DOMICILE,TOTAL_ALLOTTED,
413,"NowgongEngineeringCollege,Nowgong(NEC)(2012)",,,GOVT,N,CIVIL,968,3260,75.6,61.7,UR/X/OP,Y,8,
414,"NowgongEngineeringCollege,Nowgong(NEC)(2012)",,,GOVT,N,MECH,1107,3268,74.7,61.6,UR/X/OP,Y,6,
415,"NRIInstitute ofInformationScience&Technology,Bhopal
(2001)",,,Private,N,EC,706,1885,77.3,71,UR/X/OP,,2,
416,"NRIInstitute ofInformationScience&Technology,Bhopal
(2001)",,,Private,N,ELECTELEX,2199,2299,69.3,68.8,UR/X/OP,,2,
417,"NRIInstitute ofInformationScience&Technology,Bhopal
(2001)",,,Private,N,MECH,2675,2823,66.7,65.76,UR/X/OP,,2,
418,"NRIInstitute ofInformationScience&Technology,Bhopal
(2001)",,,Private,N,CSEIML,1481,2838,72.7,65.7,UR/X/OP,,2,
419,"NRIInstitute ofInformationScience&Technology,Bhopal
(2001)",,,Private,N,CSE,446,2890,79.7,65.2,UR/X/OP,,7,
420,"NRIInstitute ofInformationScience&Technology,Bhopal
(2001)",,,Private,N,CIVIL,917,3214,75.9,62.2,UR/X/OP,,2,
421,"NRIInstitute ofInformationScience&Technology,Bhopal
(2001)",,,Private,N,IT,3302,3302,61.03,61.03,UR/X/OP,,1,
422,"OrientalCollegeofTechnology,Bhopal(2002)",,,Private,N,CIVIL,3236,3236,62,62,OBC/X/OP,,1,
423,"OrientalCollegeofTechnology,Bhopal(2002)",,,Private,N,CSEDS,870,870,76.3,76.3,UR/X/OP,,1,
424,"OrientalCollegeofTechnology,Bhopal(2002)",,,Private,N,CSECS,1575,1575,72.34,72.34,UR/X/OP,,1,
425,"OrientalCollegeofTechnology,Bhopal(2002)",,,Private,N,CSEIML,211,2115,82.9,69.7,UR/X/OP,,4,
426,"OrientalCollegeofTechnology,Bhopal(2002)",,,Private,N,ELECTELEX,2620,2620,67,67,UR/X/OP,,1,
427,"OrientalCollegeofTechnology,Bhopal(2002)",,,Private,N,CIVIL,2052,2765,70.03,66.1,UR/X/OP,,2,
428,"OrientalCollegeofTechnology,Bhopal(2002)",,,Private,N,CSE,1295,3327,73.7,60.8,UR/X/OP,,12,
429,"OrientalInstituteofScience&Technology,Bhopal(1995)",,,Private,N,CIVIL,1243,1633,73.91,72.1,UR/X/OP,,3,
430,"OrientalInstituteofScience&Technology,Bhopal(1995)",,,Private,N,EC,1872,1872,71.07,71.07,UR/X/OP,,1,
431,"OrientalInstituteofScience&Technology,Bhopal(1995)",,,Private,N,IT,1342,2153,73.4,69.6,UR/X/OP,,3,
432,"OrientalInstituteofScience&Technology,Bhopal(1995)",,,Private,N,CSEIML,272,2290,81.94,68.87,UR/X/OP,,7,
433,"OrientalInstituteofScience&Technology,Bhopal(1995)",,,Private,N,CSEDS,1711,3056,71.7,63.9,UR/X/OP,,2,
434,"OrientalInstituteofScience&Technology,Bhopal(1995)",,,Private,N,MECH,1155,3178,74.4,62.5,UR/X/OP,,3,
435,"OrientalInstituteofScience&Technology,Bhopal(1995)",,,Private,N,CSE,299,3272,81.6,61.5,UR/X/OP,,15,
436,"OrientalInstituteofScience&Technology,Bhopal(1995)",,,Private,N,ELECTELEX,961,3479,75.6,55.47,UR/X/OP,,2,
437,"OrientalInstituteofScience&Technology,Bhopal(1995)",,,Private,N,CIVIL,2150,2150,69.6,69.6,"UR/X/OP(After
Conversion)",,1,
438,"OrientalInstituteofScience&Technology,Bhopal(1995)",,,Private,N,MECH,3495,3495,54.56,54.56,"UR/X/OP(After
Conversion)",,1,
439,"PATELCOLLEGEOFSCIENCE&TECHNOLOGY,INDORE(2005)",,,Private,N,CIVIL,1204,1605,74.11,72.2,UR/X/OP,,2,

"*InURcategory,Othercategorycandidatesarealsoallotted",,,Page16of39,,,,,,,,,,,
"DIRECTORATEOFTECHNICALEDUCATION,MADHYAPRADESH",,,,,,,,,,,,,,
LATERALENTRYBTECH,,,,,,,,,,,,,,
OPENINGCLOSINGRANK-FIRSTROUND2026,,,,,,,,,,,,,,
BASEDONQUALIFYINGEXAM DATE:06.08.2026,,,,,,,,,,,,,,
S.No.,INST_NAME,,,INST_TYPE,FW,BRANCH,OPENING_RANK,CLOSING_RANK,OPENING_MERIT,CLOSING_MERIT,ALLOTTED_CATEGORY,DOMICILE,TOTAL_ALLOTTED,
440,"PATELCOLLEGEOFSCIENCE&TECHNOLOGY,INDORE(2005)",,,Private,N,CSEIML,1970,1970,70.51,70.51,UR/X/OP,,1,
441,"PATELCOLLEGEOFSCIENCE&TECHNOLOGY,INDORE(2005)",,,Private,N,CSE,1980,1980,70.5,70.5,UR/X/OP,,1,
442,"PATELCOLLEGEOFSCIENCE&TECHNOLOGY,INDORE(2005)",,,Private,N,EC,2460,2460,67.94,67.94,UR/X/OP,,1,
443,"PATELCOLLEGEOFSCIENCE&TECHNOLOGY,INDORE(2005)",,,Private,N,MECH,1304,3184,73.67,62.41,UR/X/OP,,6,
444,"PrashanteeInstituteofTechnology&Science,Ujjain(2008)",,,Private,N,MECH,3319,3319,60.9,60.9,EWS,,1,
445,"PrashanteeInstituteofTechnology&Science,Ujjain(2008)",,,Private,N,MECH,2893,2906,65.1,65,OBC/X/OP,,2,
446,"PrashanteeInstituteofTechnology&Science,Ujjain(2008)",,,Private,N,MECH,2999,3471,64.3,56,SC/X/OP,,3,
447,"PrashanteeInstituteofTechnology&Science,Ujjain(2008)",,,Private,N,MECH,3097,3097,63.5,63.5,ST/X/OP,,1,
448,"PrashanteeInstituteofTechnology&Science,Ujjain(2008)",,,Private,N,EC,1139,2442,74.5,68.04,UR/X/OP,,2,
449,"PrashanteeInstituteofTechnology&Science,Ujjain(2008)",,,Private,N,MECH,78,2821,86.33,65.78,UR/X/OP,,16,
450,"PrashanteeInstituteofTechnology&Science,Ujjain(2008)",,,Private,N,CSE,1519,3355,72.6,60.2,UR/X/OP,,5,
451,"PrashanteeInstituteofTechnology&Science,Ujjain(2008)",,,private,N,CIVIL,2457,3455,67.95,57.04,UR/X/OP,,3,
452,"PrashanteeInstituteofTechnology&Science,Ujjain(2008)",,,Private,N,MECH,2984,3147,64.44,62.89,"UR/X/OP(After
Conversion)",,2,
453,"PrestigeInstituteofEngineeringManagementandResearch,
Indore(2008)",,,private,N,CIVIL,834,834,76.5,76.5,UR/X/OP,,1,
454,"PrestigeInstituteofEngineeringManagementandResearch,
Indore(2008)",,,Private,N,AIADS,1841,1841,71.2,71.2,UR/X/OP,,1,
455,"PrestigeInstituteofEngineeringManagementandResearch,
Indore(2008)",,,Private,N,ARE,1987,1987,70.4,70.4,UR/X/OP,,1,
456,"PrestigeInstituteofEngineeringManagementandResearch,
Indore(2008)",,,Private,N,CSE,2042,3125,70.1,63.1,UR/X/OP,,3,
457,"PRESTIGEINSTITUTEOFMANAGEMENTANDRESEARCH,
BHOPAL",,,Private,N,CSE,147,229,84.3,82.6,UR/X/OP,,2,
458,"PRESTIGEINSTITUTEOFMANAGEMENTANDRESEARCH,
BHOPAL",,,Private,N,MTENG,1923,1923,70.8,70.8,UR/X/OP,,1,
459,"PRESTIGEINSTITUTEOFMANAGEMENTANDRESEARCH,
BHOPAL",,,Private,N,CSEDS,2679,2679,66.7,66.7,UR/X/OP,,1,
460,"PRESTIGEINSTITUTEOFMANAGEMENTANDRESEARCH,
BHOPAL",,,Private,N,ELECTELEX,533,3083,78.8,63.7,UR/X/OP,,10,
461,"PRESTIGEINSTITUTEOFMANAGEMENTANDRESEARCH,
BHOPAL",,,private,N,MECH,1061,3189,75,62.4,UR/X/OP,,3,
462,"PRESTIGEINSTITUTEOFMANAGEMENTANDRESEARCH,
BHOPAL",,,private,N,CIVIL,582,3432,78.3,58.08,UR/X/OP,,8,

"*InURcategory,Othercategorycandidatesarealsoallotted",,,Page17of39,,,,,,,,,,,
"DIRECTORATEOFTECHNICALEDUCATION,MADHYAPRADESH",,,,,,,,,,,,,,
LATERALENTRYBTECH,,,,,,,,,,,,,,
OPENINGCLOSINGRANK-FIRSTROUND2026,,,,,,,,,,,,,,
BASEDONQUALIFYINGEXAM DATE:06.08.2026,,,,,,,,,,,,,,
S.No.,INST_NAME,,,INST_TYPE,FW,BRANCH,OPENING_RANK,CLOSING_RANK,OPENING_MERIT,CLOSING_MERIT,ALLOTTED_CATEGORY,DOMICILE,TOTAL_ALLOTTED,
463,"PRESTIGEINSTITUTEOFMANAGEMENTANDRESEARCH,
BHOPAL",,,private,N,MECH,3314,3314,60.93,60.93,"UR/X/OP(After
Conversion)",,1,
464,"PT.DEVPRABHAKARSHASTRICOLLEGEOFTECHNOLOGY,
Chhatarpur(2010)",,,private,N,CSE,1750,3033,71.6,64.1,UR/X/OP,,2,
465,"PT.DEVPRABHAKARSHASTRICOLLEGEOFTECHNOLOGY,
Chhatarpur(2010)",,,private,N,CIVIL,1687,3044,71.8,64,UR/X/OP,,2,
466,"PT.DEVPRABHAKARSHASTRICOLLEGEOFTECHNOLOGY,
Chhatarpur(2010)",,,private,N,EE,2282,3281,68.9,61.4,UR/X/OP,,2,
467,"RadhaRaman InstituteofTechnology,&Science,Bhopal(2003)",,,Private,N,ELECTELEX,1331,1345,73.41,73.39,OBC/X/OP,,2,
468,"RadhaRaman InstituteofTechnology,&Science,Bhopal(2003)",,,Private,N,CIVIL,2661,2913,66.8,65,OBC/X/OP,,2,
469,"RadhaRaman InstituteofTechnology,&Science,Bhopal(2003)",,,Private,N,ELECTELEX,170,975,83.7,75.52,UR/X/OP,,23,
470,"RadhaRaman InstituteofTechnology,&Science,Bhopal(2003)",,,Private,N,MECH,134,1169,84.4,74.36,UR/X/OP,,11,
471,"RadhaRaman InstituteofTechnology,&Science,Bhopal(2003)",,,Private,N,CIVIL,18,1478,90,72.7,UR/X/OP,,23,
472,"RadhaRaman InstituteofTechnology,&Science,Bhopal(2003)",,,Private,N,EC,7,2100,92.3,69.82,UR/X/OP,,14,
473,"RadhaRaman InstituteofTechnology,&Science,Bhopal(2003)",,,Private,N,CSE,74,3459,86.7,56.84,UR/X/OP,,32,
474,"RadhaRaman InstituteofTechnology,&Science,Bhopal(2003)",,,Private,N,MECH,1368,2867,73.3,65.4,"UR/X/OP(After
Conversion)",,11,
475,"RadhaRaman InstituteofTechnology,&Science,Bhopal(2003)",,,Private,N,CIVIL,1509,3074,72.6,63.7,"UR/X/OP(After
Conversion)",,16,
476,"RadhaRaman InstituteofTechnology,&Science,Bhopal(2003)",,,Private,N,EC,2233,3135,69.13,62.94,"UR/X/OP(After
Conversion)",,4,
477,"RadhaRaman InstituteofTechnology,&Science,Bhopal(2003)",,,Private,N,ELECTELEX,1005,3469,75.33,56.3,"UR/X/OP(After
Conversion)",,18,
478,"RADHARAMAN ENGINEERINGCOLLEGE,BHOPAL (2006)",,,Private,N,ELECTELEX,2572,2572,67.3,67.3,OBC/X/OP,,1,
479,"RADHARAMAN ENGINEERINGCOLLEGE,BHOPAL (2006)",,,Private,N,CIVIL,2986,2986,64.42,64.42,OBC/X/OP,,1,
480,"RADHARAMAN ENGINEERINGCOLLEGE,BHOPAL (2006)",,,Private,N,MECH,2586,3288,67.2,61.2,OBC/X/OP,,2,
481,"RADHARAMAN ENGINEERINGCOLLEGE,BHOPAL (2006)",,,Private,N,CIVIL,1504,1504,72.61,72.61,SC/X/OP,,1,
482,"RADHARAMAN ENGINEERINGCOLLEGE,BHOPAL (2006)",,,Private,N,MECH,28,856,89.6,76.4,UR/X/OP,,23,
483,"RADHARAMAN ENGINEERINGCOLLEGE,BHOPAL (2006)",,,Private,N,CIVIL,1,1171,96.03,74.31,UR/X/OP,,27,
484,"RADHARAMAN ENGINEERINGCOLLEGE,BHOPAL (2006)",,,Private,N,ELECTELEX,90,1530,85.98,72.55,UR/X/OP,,12,

"*InURcategory,Othercategorycandidatesarealsoallotted",,,Page18of39,,,,,,,,,,,
"DIRECTORATEOFTECHNICALEDUCATION,MADHYAPRADESH",,,,,,,,,,,,,,
LATERALENTRYBTECH,,,,,,,,,,,,,,
OPENINGCLOSINGRANK-FIRSTROUND2026,,,,,,,,,,,,,,
BASEDONQUALIFYINGEXAM DATE:06.08.2026,,,,,,,,,,,,,,
S.No.,INST_NAME,,,INST_TYPE,FW,BRANCH,OPENING_RANK,CLOSING_RANK,OPENING_MERIT,CLOSING_MERIT,ALLOTTED_CATEGORY,DOMICILE,TOTAL_ALLOTTED,
485,"RADHARAMAN ENGINEERINGCOLLEGE,BHOPAL (2006)",,,Private,N,CSE,34,3122,89.3,63.17,UR/X/OP,,9,
486,"RADHARAMAN ENGINEERINGCOLLEGE,BHOPAL (2006)",,,Private,N,ELECTELEX,1698,3158,71.73,62.79,"UR/X/OP(After
Conversion)",,8,
487,"RADHARAMAN ENGINEERINGCOLLEGE,BHOPAL (2006)",,,Private,N,MECH,900,3246,76,61.88,"UR/X/OP(After
Conversion)",,17,
488,"RADHARAMAN ENGINEERINGCOLLEGE,BHOPAL (2006)",,,Private,N,CIVIL,1187,3429,74.22,58.39,"UR/X/OP(After
Conversion)",,24,
489,"RajeevGandhiProdyogikiMahavidhyalaya,Bhopal(2006)",,,Private,N,CSE,1773,1773,71.5,71.5,OBC/X/OP,,1,
490,"RajeevGandhiProdyogikiMahavidhyalaya,Bhopal(2006)",,,Private,N,EC,530,972,78.89,75.56,UR/X/OP,,2,
491,"RajeevGandhiProdyogikiMahavidhyalaya,Bhopal(2006)",,,Private,N,CSE,1097,1552,74.7,72.5,UR/X/OP,,2,
492,"RajeevGandhiProdyogikiMahavidhyalaya,Bhopal(2006)",,,Private,N,EE,2196,2196,69.3,69.3,UR/X/OP,,1,
493,"RajeevGandhiProdyogikiMahavidhyalaya,Bhopal(2006)",,,Private,N,MECH,2778,2778,66.07,66.07,UR/X/OP,,1,
494,"RewaEngineeringCollege,Rewa(REC)(1964)",,,GOVT,N,CSE,709,709,77.3,77.3,OBC/X/OP,Y,1,
495,"RewaEngineeringCollege,Rewa(REC)(1964)",,,GOVT,N,CIVIL,853,853,76.4,76.4,OBC/X/OP,Y,1,
496,"RewaEngineeringCollege,Rewa(REC)(1964)",,,GOVT,N,EE,874,874,76.2,76.2,OBC/X/OP,Y,1,
497,"RewaEngineeringCollege,Rewa(REC)(1964)",,,GOVT,N,EC,2622,2622,67,67,OBC/X/OP,Y,1,
498,"RewaEngineeringCollege,Rewa(REC)(1964)",,,GOVT,N,MECH,1299,2771,73.7,66.1,OBC/X/OP,Y,3,
499,"RewaEngineeringCollege,Rewa(REC)(1964)",,,GOVT,N,CSE,2102,2102,69.8,69.8,SC/X/OP,Y,1,
500,"RewaEngineeringCollege,Rewa(REC)(1964)",,,GOVT,N,CIVIL,2255,2255,69,69,SC/X/OP,Y,1,
501,"RewaEngineeringCollege,Rewa(REC)(1964)",,,GOVT,N,CIVIL,1396,1396,73.1,73.1,ST/X/OP,Y,1,
502,"RewaEngineeringCollege,Rewa(REC)(1964)",,,GOVT,N,CSE,1581,1581,72.3,72.3,ST/X/OP,Y,1,
503,"RewaEngineeringCollege,Rewa(REC)(1964)",,,GOVT,N,EE,2036,2359,70.1,68.5,ST/X/OP,Y,2,
504,"RewaEngineeringCollege,Rewa(REC)(1964)",,,GOVT,N,CIVIL,33,33,89.4,89.4,UR/X/F,Y,1,
505,"RewaEngineeringCollege,Rewa(REC)(1964)",,,GOVT,N,CSE,462,462,79.6,79.6,UR/X/F,Y,1,
506,"RewaEngineeringCollege,Rewa(REC)(1964)",,,GOVT,N,EE,1288,1288,73.7,73.7,UR/X/F,Y,1,
507,"RewaEngineeringCollege,Rewa(REC)(1964)",,,GOVT,N,EE,176,531,83.6,78.8,UR/X/OP,Y,2,
508,"RewaEngineeringCollege,Rewa(REC)(1964)",,,GOVT,N,CSE,448,593,79.7,78.2,UR/X/OP,Y,2,
509,"RewaEngineeringCollege,Rewa(REC)(1964)",,,GOVT,N,CIVIL,732,847,77.17,76.4,UR/X/OP,Y,2,
510,"RewaEngineeringCollege,Rewa(REC)(1964)",,,GOVT,N,MECH,432,1029,79.8,75.2,UR/X/OP,Y,3,
511,"RewaEngineeringCollege,Rewa(REC)(1964)",,,GOVT,N,EC,1359,2125,73.3,69.7,UR/X/OP,Y,3,
512,"RewaEngineeringCollege,Rewa(REC)(1964)",,,GOVT,N,EC,2843,3051,65.6,63.9,"UR/X/OP(After
Conversion)",Y,2,
513,"RewaInstituteofTechnology,Rewa(2003)",,,Private,N,CIVIL,1020,2228,75.29,69.17,UR/X/OP,,5,
514,"RewaInstituteofTechnology,Rewa(2003)",,,Private,N,CSE,195,2348,83.13,68.57,UR/X/OP,,3,
515,"RewaInstituteofTechnology,Rewa(2003)",,,Private,N,EC,3133,3171,62.97,62.6,UR/X/OP,,2,
516,"RewaInstituteofTechnology,Rewa(2003)",,,Private,N,MECH,1537,3269,72.5,61.51,UR/X/OP,,6,
517,"RewaInstituteofTechnology,Rewa(2003)",,,Private,N,EE,990,3324,75.42,60.81,UR/X/OP,,6,
518,"RustamjiInstituteofTechnology,Tekanpur,Gwalior(1999)",,,S.F.I.,N,CSE,2087,2314,69.9,68.7,UR/X/F,Y,2,
519,"RustamjiInstituteofTechnology,Tekanpur,Gwalior(1999)",,,S.F.I.,N,CSEIML,2795,2795,65.93,65.93,UR/X/OP,Y,1,

"*InURcategory,Othercategorycandidatesarealsoallotted",,,Page19of39,,,,,,,,,,,
"DIRECTORATEOFTECHNICALEDUCATION,MADHYAPRADESH",,,,,,,,,,,,,,
LATERALENTRYBTECH,,,,,,,,,,,,,,
OPENINGCLOSINGRANK-FIRSTROUND2026,,,,,,,,,,,,,,
BASEDONQUALIFYINGEXAM DATE:06.08.2026,,,,,,,,,,,,,,
S.No.,INST_NAME,,,INST_TYPE,FW,BRANCH,OPENING_RANK,CLOSING_RANK,OPENING_MERIT,CLOSING_MERIT,ALLOTTED_CATEGORY,DOMICILE,TOTAL_ALLOTTED,
520,"RustamjiInstituteofTechnology,Tekanpur,Gwalior(1999)",,,S.F.I.,N,EC,2879,2879,65.3,65.3,UR/X/OP,Y,1,
521,"RustamjiInstituteofTechnology,Tekanpur,Gwalior(1999)",,,S.F.I.,N,CSE,1747,2910,71.6,65,UR/X/OP,Y,3,
522,"RustamjiInstituteofTechnology,Tekanpur,Gwalior(1999)",,,S.F.I.,N,CSE,3069,3069,63.8,63.8,"UR/X/OP(After
Conversion)",Y,1,
523,"SagarInstituteofResearch&Technology-Excellence,Bhopal
(2008)",,,Private,N,AIADS,1863,1863,71.1,71.1,UR/X/OP,,1,
524,"SagarInstituteofResearch&Technology-Excellence,Bhopal
(2008)",,,Private,N,CSE,1746,2595,71.6,67.19,UR/X/OP,,3,
525,"SagarInstituteofResearch&Technology-Excellence,Bhopal
(2008)",,,Private,N,CIVIL,413,2782,80,66,UR/X/OP,,3,
526,"SagarInstituteofResearch&Technology-Excellence,Bhopal
(2008)",,,Private,N,MECH,3032,3242,64.1,61.93,UR/X/OP,,2,
527,"SagarInstituteofResearch&Technology,Bhopal(2003)",,,Private,N,CIVIL,1960,1960,70.6,70.6,OBC/X/OP,,1,
528,"SagarInstituteofResearch&Technology,Bhopal(2003)",,,Private,N,MECH,2588,2588,67.2,67.2,ST/X/OP,,1,
529,"SagarInstituteofResearch&Technology,Bhopal(2003)",,,Private,N,CIVIL,636,1531,77.91,72.53,UR/X/OP,,3,
530,"SagarInstituteofResearch&Technology,Bhopal(2003)",,,Private,N,CSE,38,2154,88.9,69.56,UR/X/OP,,15,
531,"SagarInstituteofResearch&Technology,Bhopal(2003)",,,Private,N,MECH,244,2532,82.4,67.51,UR/X/OP,,3,
532,"SagarInstituteofResearch&Technology,Bhopal(2003)",,,Private,N,CSECS,2545,2545,67.5,67.5,UR/X/OP,,1,
533,"SagarInstituteofResearch&Technology,Bhopal(2003)",,,Private,N,ELECTELEX,35,2814,89.2,65.8,UR/X/OP,,3,
534,"SagarInstituteofResearch&Technology,Bhopal(2003)",,,Private,N,AIML,418,3011,80,64.27,UR/X/OP,,9,
535,"SagarInstituteofResearch&Technology,Bhopal(2003)",,,Private,N,CSIT,2887,3198,65.2,62.3,UR/X/OP,,2,
536,"SagarInstituteofResearch&Technology,Bhopal(2003)",,,Private,N,EC,86,3483,86.1,55.2,UR/X/OP,,3,
537,"SagarInstituteofResearch&Technology,Bhopal(2003)",,,Private,N,CIVIL,2014,2832,70.26,65.7,"UR/X/OP(After
Conversion)",,2,
538,"SagarInstituteofResearch&Technology,Bhopal(2003)",,,Private,N,ELECTELEX,3451,3470,57.4,56.1,"UR/X/OP(After
Conversion)",,2,
539,"SagarInstituteofResearch&Technology,Bhopal(2003)",,,Private,N,CSE,2268,3473,68.93,56,"UR/X/OP(After
Conversion)",,8,
540,SagarInstituteofScience&Technology(SISTEC)Bhopal,,,Private,N,CSIT,851,851,76.4,76.4,UR/X/OP,,1,
541,SagarInstituteofScience&Technology(SISTEC)Bhopal,,,Private,N,CSECS,1513,2024,72.6,70.2,UR/X/OP,,2,
542,SagarInstituteofScience&Technology(SISTEC)Bhopal,,,Private,N,EC,1451,2108,72.84,69.8,UR/X/OP,,2,
543,SagarInstituteofScience&Technology(SISTEC)Bhopal,,,Private,N,CSEAIADS,2379,2379,68.4,68.4,UR/X/OP,,1,
544,SagarInstituteofScience&Technology(SISTEC)Bhopal,,,Private,N,CIVIL,2049,2860,70.08,65.48,UR/X/OP,,2,
545,SagarInstituteofScience&Technology(SISTEC)Bhopal,,,Private,N,ELECTELEX,907,3085,76,63.61,UR/X/OP,,2,
546,SagarInstituteofScience&Technology(SISTEC)Bhopal,,,Private,N,CSE,1969,3322,70.53,60.9,UR/X/OP,,3,
547,"SagarInstituteofScienceTechnology&Research,(SISTec-R),
Bhopal(2009)",,,Private,N,CSEIML,218,218,82.7,82.7,UR/X/OP,,1,

"*InURcategory,Othercategorycandidatesarealsoallotted",,,Page20of39,,,,,,,,,,,
"DIRECTORATEOFTECHNICALEDUCATION,MADHYAPRADESH",,,,,,,,,,,,,,
LATERALENTRYBTECH,,,,,,,,,,,,,,
OPENINGCLOSINGRANK-FIRSTROUND2026,,,,,,,,,,,,,,
BASEDONQUALIFYINGEXAM DATE:06.08.2026,,,,,,,,,,,,,,
S.No.,INST_NAME,,,INST_TYPE,FW,BRANCH,OPENING_RANK,CLOSING_RANK,OPENING_MERIT,CLOSING_MERIT,ALLOTTED_CATEGORY,DOMICILE,TOTAL_ALLOTTED,
548,"SagarInstituteofScienceTechnology&Research,(SISTec-R),
Bhopal(2009)",,,Private,N,CIVIL,858,2420,76.31,68.18,UR/X/OP,,4,
549,"SagarInstituteofScienceTechnology&Research,(SISTec-R),
Bhopal(2009)",,,Private,N,CSE,1403,2717,73.1,66.5,UR/X/OP,,2,
550,"SagarInstituteofScienceTechnology&Research,(SISTec-R),
Bhopal(2009)",,,Private,N,EC,2822,2992,65.78,64.4,UR/X/OP,,2,
551,"SagarInstituteofScience,Technology&Engineering(SISTec-E),
Bhopal(2009)",,,Private,N,EE,1334,3320,73.4,60.9,UR/X/OP,,7,
552,"SamratAshokTechnologicalInstitute,Vidisha(1960)",,,GOVT,N,CSE,772,772,76.9,76.9,OBC/X/OP,Y,1,
553,"SamratAshokTechnologicalInstitute,Vidisha(1960)",,,GOVT,N,IT,1650,2038,72,70.1,OBC/X/OP,Y,3,
554,"SamratAshokTechnologicalInstitute,Vidisha(1960)",,,GOVT,N,CSEIML,1926,2318,70.8,68.7,OBC/X/OP,Y,3,
555,"SamratAshokTechnologicalInstitute,Vidisha(1960)",,,GOVT,N,CIVIL,2899,2899,65.1,65.1,OBC/X/OP,Y,1,
556,"SamratAshokTechnologicalInstitute,Vidisha(1960)",,,GOVT,N,CSEAIADS,2772,2919,66.1,65,OBC/X/OP,Y,2,
557,"SamratAshokTechnologicalInstitute,Vidisha(1960)",,,GOVT,N,CSECS,3087,3359,63.6,60.2,OBC/X/OP,Y,2,
558,"SamratAshokTechnologicalInstitute,Vidisha(1960)",,,GOVT,N,CSE,2482,2482,67.8,67.8,SC/X/F,Y,1,
559,"SamratAshokTechnologicalInstitute,Vidisha(1960)",,,GOVT,N,CSE,2961,3119,64.6,63.3,SC/X/OP,Y,3,
560,"SamratAshokTechnologicalInstitute,Vidisha(1960)",,,GOVT,N,CSE,2281,2281,68.9,68.9,ST/X/F,Y,1,
561,"SamratAshokTechnologicalInstitute,Vidisha(1960)",,,GOVT,N,CIVIL,3072,3072,63.74,63.74,ST/X/OP,Y,1,
562,"SamratAshokTechnologicalInstitute,Vidisha(1960)",,,GOVT,N,CSE,354,399,80.7,80.2,UR/X/F,Y,2,
563,"SamratAshokTechnologicalInstitute,Vidisha(1960)",,,GOVT,N,IT,643,643,77.9,77.9,UR/X/F,Y,1,
564,"SamratAshokTechnologicalInstitute,Vidisha(1960)",,,GOVT,N,CSEIML,868,868,76.3,76.3,UR/X/F,Y,1,
565,"SamratAshokTechnologicalInstitute,Vidisha(1960)",,,GOVT,N,EC,1179,1179,74.3,74.3,UR/X/F,Y,1,
566,"SamratAshokTechnologicalInstitute,Vidisha(1960)",,,GOVT,N,CSEAIADS,1485,1485,72.7,72.7,UR/X/F,Y,1,
567,"SamratAshokTechnologicalInstitute,Vidisha(1960)",,,GOVT,N,CIVIL,1624,2215,72.1,69.2,UR/X/F,Y,2,
568,"SamratAshokTechnologicalInstitute,Vidisha(1960)",,,GOVT,N,CSEIOT,2692,2692,66.6,66.6,UR/X/F,Y,1,
569,"SamratAshokTechnologicalInstitute,Vidisha(1960)",,,GOVT,N,EE,1816,3079,71.3,63.7,UR/X/F,Y,3,
570,"SamratAshokTechnologicalInstitute,Vidisha(1960)",,,GOVT,N,CSECS,3502,3502,54.2,54.2,UR/X/F,Y,1,
571,"SamratAshokTechnologicalInstitute,Vidisha(1960)",,,GOVT,N,CSE,383,613,80.4,78.1,UR/X/OP,Y,4,
572,"SamratAshokTechnologicalInstitute,Vidisha(1960)",,,GOVT,N,IT,685,790,77.5,76.8,UR/X/OP,Y,2,
573,"SamratAshokTechnologicalInstitute,Vidisha(1960)",,,GOVT,N,CSEIML,615,1282,78.1,73.8,UR/X/OP,Y,2,
574,"SamratAshokTechnologicalInstitute,Vidisha(1960)",,,GOVT,N,CSEAIADS,1496,1646,72.7,72,UR/X/OP,Y,2,
575,"SamratAshokTechnologicalInstitute,Vidisha(1960)",,,GOVT,N,EC,1230,1979,74,70.5,UR/X/OP,Y,2,
576,"SamratAshokTechnologicalInstitute,Vidisha(1960)",,,GOVT,N,CSEIOT,2031,2046,70.17,70.1,UR/X/OP,Y,2,
577,"SamratAshokTechnologicalInstitute,Vidisha(1960)",,,GOVT,N,CSECS,2272,2391,68.9,68.3,UR/X/OP,Y,2,
578,"SamratAshokTechnologicalInstitute,Vidisha(1960)",,,GOVT,N,CIVIL,660,2807,77.7,65.9,UR/X/OP,Y,9,
579,"SamratAshokTechnologicalInstitute,Vidisha(1960)",,,GOVT,N,EE,1418,3259,73,61.7,UR/X/OP,Y,10,
580,"SamratAshokTechnologicalInstitute,Vidisha(1960)",,,GOVT,N,MECH,1456,3461,72.8,56.8,UR/X/OP,Y,8,
581,"SamratAshokTechnologicalInstitute,Vidisha(1960)",,,GOVT,N,CSEBC,2758,3497,66.2,54.5,UR/X/OP,Y,3,

"*InURcategory,Othercategorycandidatesarealsoallotted",,,Page21of39,,,,,,,,,,,
"DIRECTORATEOFTECHNICALEDUCATION,MADHYAPRADESH",,,,,,,,,,,,,,
LATERALENTRYBTECH,,,,,,,,,,,,,,
OPENINGCLOSINGRANK-FIRSTROUND2026,,,,,,,,,,,,,,
BASEDONQUALIFYINGEXAM DATE:06.08.2026,,,,,,,,,,,,,,
S.No.,INST_NAME,,,INST_TYPE,FW,BRANCH,OPENING_RANK,CLOSING_RANK,OPENING_MERIT,CLOSING_MERIT,ALLOTTED_CATEGORY,DOMICILE,TOTAL_ALLOTTED,
582,"SamratAshokTechnologicalInstitute,Vidisha(1960)",,,GOVT,N,CSEAIADS,1790,1790,71.4,71.4,"UR/X/OP(After
Conversion)",Y,1,
583,"SamratAshokTechnologicalInstitute,Vidisha(1960)",,,GOVT,N,CSECS,2607,2607,67.1,67.1,"UR/X/OP(After
Conversion)",Y,1,
584,"SamratAshokTechnologicalInstitute,Vidisha(1960)",,,GOVT,N,CSEIOT,2792,3157,66,62.8,"UR/X/OP(After
Conversion)",Y,2,
585,"SamratAshokTechnologicalInstitute,Vidisha(1960)",,,GOVT,N,CIVIL,2833,3300,65.7,61.1,"UR/X/OP(After
Conversion)",Y,5,
586,"SaraswatiInstituteofEngineering&Technology,Jabalpur(2008)",,,Private,N,ELECTELEX,3438,3522,57.9,51.76,OBC/X/OP,,2,
587,"SaraswatiInstituteofEngineering&Technology,Jabalpur(2008)",,,private,N,CIVIL,913,2462,75.9,67.9,UR/X/OP,,3,
588,"SaraswatiInstituteofEngineering&Technology,Jabalpur(2008)",,,Private,N,CSE,2976,2976,64.5,64.5,UR/X/OP,,1,
589,"SaraswatiInstituteofEngineering&Technology,Jabalpur(2008)",,,Private,N,ELECTELEX,496,3369,79.3,60,UR/X/OP,,14,
590,"SATPUDA COLLEGEOFENGINEERINGANDPOLYTECHNIC,
BALAGHAT",,,Private,N,MECH,627,627,78,78,OBC/X/OP,,1,
591,"SATPUDA COLLEGEOFENGINEERINGANDPOLYTECHNIC,
BALAGHAT",,,Private,N,EE,740,740,77.1,77.1,OBC/X/OP,,1,
592,"SATPUDA COLLEGEOFENGINEERINGANDPOLYTECHNIC,
BALAGHAT",,,Private,N,MINING,832,846,76.5,76.4,OBC/X/OP,,2,
593,"SATPUDA COLLEGEOFENGINEERINGANDPOLYTECHNIC,
BALAGHAT",,,Private,N,CIVIL,1135,1135,74.5,74.5,OBC/X/OP,,1,
594,"SATPUDA COLLEGEOFENGINEERINGANDPOLYTECHNIC,
BALAGHAT",,,Private,N,CSE,1127,1354,74.6,73.3,OBC/X/OP,,5,
595,"SATPUDA COLLEGEOFENGINEERINGANDPOLYTECHNIC,
BALAGHAT",,,Private,N,MECH,1517,1517,72.6,72.6,SC/X/OP,,1,
596,"SATPUDA COLLEGEOFENGINEERINGANDPOLYTECHNIC,
BALAGHAT",,,Private,N,CIVIL,1788,1788,71.4,71.4,SC/X/OP,,1,
597,"SATPUDA COLLEGEOFENGINEERINGANDPOLYTECHNIC,
BALAGHAT",,,Private,N,MINING,1078,2388,74.9,68.3,SC/X/OP,,4,
598,"SATPUDA COLLEGEOFENGINEERINGANDPOLYTECHNIC,
BALAGHAT",,,Private,N,EE,2396,3023,68.3,64.2,SC/X/OP,,2,
599,"SATPUDA COLLEGEOFENGINEERINGANDPOLYTECHNIC,
BALAGHAT",,,Private,N,CSE,2471,3437,67.9,58,SC/X/OP,,4,
600,"SATPUDA COLLEGEOFENGINEERINGANDPOLYTECHNIC,
BALAGHAT",,,Private,N,CIVIL,1189,1189,74.2,74.2,ST/X/OP,,1,

"*InURcategory,Othercategorycandidatesarealsoallotted",,,Page22of39,,,,,,,,,,,
"DIRECTORATEOFTECHNICALEDUCATION,MADHYAPRADESH",,,,,,,,,,,,,,
LATERALENTRYBTECH,,,,,,,,,,,,,,
OPENINGCLOSINGRANK-FIRSTROUND2026,,,,,,,,,,,,,,
BASEDONQUALIFYINGEXAM DATE:06.08.2026,,,,,,,,,,,,,,
S.No.,INST_NAME,,,INST_TYPE,FW,BRANCH,OPENING_RANK,CLOSING_RANK,OPENING_MERIT,CLOSING_MERIT,ALLOTTED_CATEGORY,DOMICILE,TOTAL_ALLOTTED,
601,"SATPUDA COLLEGEOFENGINEERINGANDPOLYTECHNIC,
BALAGHAT",,,Private,N,MECH,3161,3161,62.7,62.7,ST/X/OP,,1,
602,"SATPUDA COLLEGEOFENGINEERINGANDPOLYTECHNIC,
BALAGHAT",,,Private,N,MECH,318,479,81.2,79.5,UR/X/OP,,3,
603,"SATPUDA COLLEGEOFENGINEERINGANDPOLYTECHNIC,
BALAGHAT",,,Private,N,EE,51,621,87.7,78,UR/X/OP,,3,
604,"SATPUDA COLLEGEOFENGINEERINGANDPOLYTECHNIC,
BALAGHAT",,,Private,N,MINING,3,745,93.3,77.1,UR/X/OP,,6,
605,"SATPUDA COLLEGEOFENGINEERINGANDPOLYTECHNIC,
BALAGHAT",,,Private,N,CSE,500,1062,79.3,75,UR/X/OP,,9,
606,"SATPUDA COLLEGEOFENGINEERINGANDPOLYTECHNIC,
BALAGHAT",,,Private,N,CIVIL,22,1103,89.8,74.7,UR/X/OP,,3,
607,"SCHOOLOFENGINEERINGANDTECHNOLOGY,SAMRAT
VIKRAMADITYAVISHWAVIDYALAYA,UJJAIN(2011)",,,S.F.I.,N,CIVIL,1362,1362,73.3,73.3,UR/X/F,Y,1,
608,"SCHOOLOFENGINEERINGANDTECHNOLOGY,SAMRAT
VIKRAMADITYAVISHWAVIDYALAYA,UJJAIN(2011)",,,S.F.I.,N,EC,1613,1613,72.2,72.2,UR/X/F,Y,1,
609,"SCHOOLOFENGINEERINGANDTECHNOLOGY,SAMRAT
VIKRAMADITYAVISHWAVIDYALAYA,UJJAIN(2011)",,,S.F.I.,N,EE,2283,3205,68.9,62.3,UR/X/F,Y,3,
610,"SCHOOLOFENGINEERINGANDTECHNOLOGY,SAMRAT
VIKRAMADITYAVISHWAVIDYALAYA,UJJAIN(2011)",,,S.F.I.,N,CIVIL,2787,2957,66,64.7,UR/X/OP,Y,2,
611,"SCHOOLOFENGINEERINGANDTECHNOLOGY,SAMRAT
VIKRAMADITYAVISHWAVIDYALAYA,UJJAIN(2011)",,,S.F.I.,N,ECS,1524,3029,72.6,64.1,UR/X/OP,Y,2,
612,"SCHOOLOFENGINEERINGANDTECHNOLOGY,SAMRAT
VIKRAMADITYAVISHWAVIDYALAYA,UJJAIN(2011)",,,S.F.I.,N,MECH,2666,3373,66.8,60,UR/X/OP,Y,4,
613,"SCHOOLOFENGINEERINGANDTECHNOLOGY,SAMRAT
VIKRAMADITYAVISHWAVIDYALAYA,UJJAIN(2011)",,,S.F.I.,N,EE,1587,3443,72.3,57.8,UR/X/OP,Y,3,
614,"SCHOOLOFINFORMATIONTECHNOLOGY,RGPVBHOPAL",,,S.F.I.,N,CSEIML,464,464,79.6,79.6,OBC/X/OP,Y,1,
615,"SCHOOLOFINFORMATIONTECHNOLOGY,RGPVBHOPAL",,,S.F.I.,N,CSEDS,831,831,76.5,76.5,OBC/X/OP,Y,1,
616,"SCHOOLOFINFORMATIONTECHNOLOGY,RGPVBHOPAL",,,S.F.I.,N,CSBS,1309,1309,73.6,73.6,OBC/X/OP,Y,1,
617,"SCHOOLOFINFORMATIONTECHNOLOGY,RGPVBHOPAL",,,S.F.I.,N,CSEIML,1591,2011,72.3,70.3,SC/X/OP,Y,2,
618,"SCHOOLOFINFORMATIONTECHNOLOGY,RGPVBHOPAL",,,S.F.I.,N,CSEDS,1962,2200,70.6,69.3,SC/X/OP,Y,2,
619,"SCHOOLOFINFORMATIONTECHNOLOGY,RGPVBHOPAL",,,S.F.I.,N,CSEIML,263,263,82.1,82.1,UR/X/F,Y,1,
620,"SCHOOLOFINFORMATIONTECHNOLOGY,RGPVBHOPAL",,,S.F.I.,N,CSEDS,541,541,78.7,78.7,UR/X/F,Y,1,
621,"SCHOOLOFINFORMATIONTECHNOLOGY,RGPVBHOPAL",,,S.F.I.,N,CSBS,583,583,78.3,78.3,UR/X/F,Y,1,
622,"SCHOOLOFINFORMATIONTECHNOLOGY,RGPVBHOPAL",,,S.F.I.,N,CSEIML,305,340,81.5,80.9,UR/X/OP,Y,2,
623,"SCHOOLOFINFORMATIONTECHNOLOGY,RGPVBHOPAL",,,S.F.I.,N,CSEDS,584,820,78.3,76.6,UR/X/OP,Y,2,
624,"SCHOOLOFINFORMATIONTECHNOLOGY,RGPVBHOPAL",,,S.F.I.,N,CSBS,664,932,77.7,75.8,UR/X/OP,Y,2,
625,"SCHOOLOFINFORMATIONTECHNOLOGY,RGPVBHOPAL",,,S.F.I.,N,CSBS,1214,1516,74.1,72.6,"UR/X/OP(After
Conversion)",Y,2,

"*InURcategory,Othercategorycandidatesarealsoallotted",,,Page23of39,,,,,,,,,,,
"DIRECTORATEOFTECHNICALEDUCATION,MADHYAPRADESH",,,,,,,,,,,,,,
LATERALENTRYBTECH,,,,,,,,,,,,,,
OPENINGCLOSINGRANK-FIRSTROUND2026,,,,,,,,,,,,,,
BASEDONQUALIFYINGEXAM DATE:06.08.2026,,,,,,,,,,,,,,
S.No.,INST_NAME,,,INST_TYPE,FW,BRANCH,OPENING_RANK,CLOSING_RANK,OPENING_MERIT,CLOSING_MERIT,ALLOTTED_CATEGORY,DOMICILE,TOTAL_ALLOTTED,
626,"SENDHWAINSTITUTEOFPROFESSIONAL STUDIES,BARWANI",,,Private,N,EE,3316,3316,60.92,60.92,UR/X/OP,,1,
627,"Sha-ShibCollegeofTechnology,Bhopal(2009)",,,Private,N,EC,293,1544,81.6,72.5,UR/X/OP,,2,
628,"Sha-ShibCollegeofTechnology,Bhopal(2009)",,,Private,N,MECH,2076,2076,69.9,69.9,UR/X/OP,,1,
629,"ShivKumarSinghInstitute ofTechnology&Science,Indore
(2007)",,,Private,N,ELECTELEX,1355,1560,73.3,72.4,UR/X/OP,,3,
630,"ShivKumarSinghInstitute ofTechnology&Science,Indore
(2007)",,,Private,N,CSE,445,1966,79.7,70.56,UR/X/OP,,3,
631,"ShivKumarSinghInstitute ofTechnology&Science,Indore
(2007)",,,private,N,MECH,207,3391,82.98,59.5,UR/X/OP,,6,
632,"ShivKumarSinghInstitute ofTechnology&Science,Indore
(2007)",,,private,N,FTS,241,3492,82.4,54.6,UR/X/OP,,6,
633,"ShivKumarSinghInstitute ofTechnology&Science,Indore
(2007)",,,Private,N,CIVIL,3303,3514,61,53,UR/X/OP,,2,
634,"ShivajiraoKadam InstituteofTechnologyandManagement-
TechnicalCampus,Indore(2009)",,,Private,N,MECH,2726,2904,66.4,65,SC/X/OP,,2,
635,"ShivajiraoKadam InstituteofTechnologyandManagement-
TechnicalCampus,Indore(2009)",,,Private,N,DS,1319,1319,73.5,73.5,UR/X/OP,,1,
636,"ShivajiraoKadam InstituteofTechnologyandManagement-
TechnicalCampus,Indore(2009)",,,Private,N,EC,509,1402,79.1,73.1,UR/X/OP,,2,
637,"ShivajiraoKadam InstituteofTechnologyandManagement-
TechnicalCampus,Indore(2009)",,,Private,N,CSE,135,2089,84.4,69.9,UR/X/OP,,5,
638,"ShivajiraoKadam InstituteofTechnologyandManagement-
TechnicalCampus,Indore(2009)",,,Private,N,MECH,202,2412,83,68.2,UR/X/OP,,12,
639,"ShivajiraoKadam InstituteofTechnologyandManagement-
TechnicalCampus,Indore(2009)",,,Private,N,CIVIL,3295,3295,61.1,61.1,UR/X/OP,,1,
640,"ShivajiraoKadam InstituteofTechnologyandManagement-
TechnicalCampus,Indore(2009)",,,Private,N,AIML,3374,3374,60,60,UR/X/OP,,1,
641,"ShivajiraoKadam InstituteofTechnologyandManagement-
TechnicalCampus,Indore(2009)",,,Private,N,MECH,2716,2716,66.5,66.5,"UR/X/OP(After
Conversion)",,1,
642,"ShreejeeInstituteofTechnologyandManagement,Khargone
(2010)",,,private,N,CIVIL,2712,2712,66.5,66.5,UR/X/OP,,1,
643,"ShreejeeInstituteofTechnologyandManagement,Khargone
(2010)",,,private,N,ELECTELEX,781,3166,76.8,62.6,UR/X/OP,,3,
644,"ShreejeeInstituteofTechnologyandManagement,Khargone
(2010)",,,private,N,MECH,3396,3396,59.3,59.3,UR/X/OP,,1,
645,"ShriBalajiInstitute ofTechnology&Management,Betul(2009)",,,Private,N,CIVIL,1466,2375,72.8,68.4,UR/X/OP,,2,
646,"ShriBalajiInstitute ofTechnology&Management,Betul(2009)",,,Private,N,ELECTELEX,806,3299,76.7,61.1,UR/X/OP,,7,

"*InURcategory,Othercategorycandidatesarealsoallotted",,,Page24of39,,,,,,,,,,,
"DIRECTORATEOFTECHNICALEDUCATION,MADHYAPRADESH",,,,,,,,,,,,,,
LATERALENTRYBTECH,,,,,,,,,,,,,,
OPENINGCLOSINGRANK-FIRSTROUND2026,,,,,,,,,,,,,,
BASEDONQUALIFYINGEXAM DATE:06.08.2026,,,,,,,,,,,,,,
S.No.,INST_NAME,,,INST_TYPE,FW,BRANCH,OPENING_RANK,CLOSING_RANK,OPENING_MERIT,CLOSING_MERIT,ALLOTTED_CATEGORY,DOMICILE,TOTAL_ALLOTTED,
647,"ShriBalajiInstitute ofTechnology&Management,Betul(2009)",,,Private,N,MECH,721,3394,77.2,59.5,UR/X/OP,,3,
648,"ShriBalajiInstitute ofTechnology&Management,Betul(2009)",,,Private,N,CSE,3395,3395,59.4,59.4,UR/X/OP,,1,
649,"ShriDadajiInstituteofTechnology&Science,khandwa",,,Private,N,CSE,2905,2905,65,65,SC/X/OP,,1,
650,"ShriDadajiInstituteofTechnology&Science,khandwa",,,Private,N,DS,1258,1258,73.9,73.9,UR/X/OP,,1,
651,"ShriDadajiInstituteofTechnology&Science,khandwa",,,Private,N,MECH,2077,2118,69.9,69.7,UR/X/OP,,2,
652,"ShriDadajiInstituteofTechnology&Science,khandwa",,,Private,N,ELECTELEX,424,2452,79.9,68,UR/X/OP,,5,
653,"ShriDadajiInstituteofTechnology&Science,khandwa",,,Private,N,CSE,95,2560,85.7,67.4,UR/X/OP,,5,
654,"ShriDadajiInstituteofTechnology&Science,khandwa",,,Private,N,EC,2179,2908,69.4,65,UR/X/OP,,4,
655,"ShriDadajiInstituteofTechnology&Science,khandwa",,,Private,N,CIVIL,252,3037,82.2,64.08,UR/X/OP,,5,
656,"ShriDadajiInstituteofTechnology&Science,khandwa",,,Private,N,CSE,2732,2732,66.3,66.3,"UR/X/OP(After
Conversion)",,1,
657,"ShriG.S.InstituteofTechnology&Science,Indore(M.P.)(1952)",,,GOVT,N,CSE,110,110,85.1,85.1,OBC/X/F,Y,1,
658,"ShriG.S.InstituteofTechnology&Science,Indore(M.P.)(1952)",,,GOVT,N,CSE,76,76,86.5,86.5,OBC/X/OP,Y,1,
659,"ShriG.S.InstituteofTechnology&Science,Indore(M.P.)(1952)",,,GOVT,N,IT,222,222,82.65,82.65,OBC/X/OP,Y,1,
660,"ShriG.S.InstituteofTechnology&Science,Indore(M.P.)(1952)",,,GOVT,N,EE,268,268,82,82,OBC/X/OP,Y,1,
661,"ShriG.S.InstituteofTechnology&Science,Indore(M.P.)(1952)",,,GOVT,N,"Electronics
and
Telecommu
nications",518,518,79,79,OBC/X/OP,Y,1,
662,"ShriG.S.InstituteofTechnology&Science,Indore(M.P.)(1952)",,,GOVT,N,CIVIL,532,532,78.8,78.8,OBC/X/OP,Y,1,
663,"ShriG.S.InstituteofTechnology&Science,Indore(M.P.)(1952)",,,GOVT,N,EI,893,1109,76.1,74.7,OBC/X/OP,Y,3,
664,"ShriG.S.InstituteofTechnology&Science,Indore(M.P.)(1952)",,,GOVT,N,MECH,1549,1549,72.5,72.5,OBC/X/OP,Y,1,
665,"ShriG.S.InstituteofTechnology&Science,Indore(M.P.)(1952)",,,GOVT,N,IP,2645,3293,66.9,61.17,OBC/X/OP,Y,2,
666,"ShriG.S.InstituteofTechnology&Science,Indore(M.P.)(1952)",,,GOVT,N,CSE,140,140,84.35,84.35,SC/X/F,Y,1,
667,"ShriG.S.InstituteofTechnology&Science,Indore(M.P.)(1952)",,,GOVT,N,IT,884,884,76.1,76.1,SC/X/F,Y,1,

"*InURcategory,Othercategorycandidatesarealsoallotted",,,Page25of39,,,,,,,,,,,
"DIRECTORATEOFTECHNICALEDUCATION,MADHYAPRADESH",,,,,,,,,,,,,,
LATERALENTRYBTECH,,,,,,,,,,,,,,
OPENINGCLOSINGRANK-FIRSTROUND2026,,,,,,,,,,,,,,
BASEDONQUALIFYINGEXAM DATE:06.08.2026,,,,,,,,,,,,,,
S.No.,INST_NAME,,,INST_TYPE,FW,BRANCH,OPENING_RANK,CLOSING_RANK,OPENING_MERIT,CLOSING_MERIT,ALLOTTED_CATEGORY,DOMICILE,TOTAL_ALLOTTED,
668,"ShriG.S.InstituteofTechnology&Science,Indore(M.P.)(1952)",,,GOVT,N,CSE,597,597,78.2,78.2,SC/X/OP,Y,1,
669,"ShriG.S.InstituteofTechnology&Science,Indore(M.P.)(1952)",,,GOVT,N,CIVIL,614,614,78.1,78.1,SC/X/OP,Y,1,
670,"ShriG.S.InstituteofTechnology&Science,Indore(M.P.)(1952)",,,GOVT,N,IT,646,1142,77.89,74.5,SC/X/OP,Y,3,
671,"ShriG.S.InstituteofTechnology&Science,Indore(M.P.)(1952)",,,GOVT,N,MECH,655,1846,77.7,71.2,SC/X/OP,Y,4,
672,"ShriG.S.InstituteofTechnology&Science,Indore(M.P.)(1952)",,,GOVT,N,EE,1632,2078,72.1,69.9,SC/X/OP,Y,2,
673,"ShriG.S.InstituteofTechnology&Science,Indore(M.P.)(1952)",,,GOVT,N,"Electronics
and
Telecommu
nications",2257,3141,69,62.9,SC/X/OP,Y,3,
674,"ShriG.S.InstituteofTechnology&Science,Indore(M.P.)(1952)",,,GOVT,N,EI,3241,3241,62,62,SC/X/OP,Y,1,
675,"ShriG.S.InstituteofTechnology&Science,Indore(M.P.)(1952)",,,GOVT,N,IP,3329,3329,60.8,60.8,SC/X/OP,Y,1,
676,"ShriG.S.InstituteofTechnology&Science,Indore(M.P.)(1952)",,,GOVT,N,CIVIL,946,946,75.7,75.7,ST/X/F,Y,1,
677,"ShriG.S.InstituteofTechnology&Science,Indore(M.P.)(1952)",,,GOVT,N,CIVIL,1260,1260,73.9,73.9,ST/X/OP,Y,1,
678,"ShriG.S.InstituteofTechnology&Science,Indore(M.P.)(1952)",,,GOVT,N,CSE,1199,1462,74.2,72.8,ST/X/OP,Y,2,
679,"ShriG.S.InstituteofTechnology&Science,Indore(M.P.)(1952)",,,GOVT,N,IT,2195,2195,69.3,69.3,ST/X/OP,Y,1,
680,"ShriG.S.InstituteofTechnology&Science,Indore(M.P.)(1952)",,,GOVT,N,EE,1088,2276,74.8,68.9,ST/X/OP,Y,2,
681,"ShriG.S.InstituteofTechnology&Science,Indore(M.P.)(1952)",,,GOVT,N,"Electronics
and
Telecommu
nications",2742,2742,66.3,66.3,ST/X/OP,Y,1,
682,"ShriG.S.InstituteofTechnology&Science,Indore(M.P.)(1952)",,,GOVT,N,EE,49,49,87.8,87.8,UR/X/F,Y,1,
683,"ShriG.S.InstituteofTechnology&Science,Indore(M.P.)(1952)",,,GOVT,N,CSE,2,65,93.7,87.3,UR/X/F,Y,2,
684,"ShriG.S.InstituteofTechnology&Science,Indore(M.P.)(1952)",,,GOVT,N,IT,205,208,83,82.9,UR/X/F,Y,2,

"*InURcategory,Othercategorycandidatesarealsoallotted",,,Page26of39,,,,,,,,,,,
"DIRECTORATEOFTECHNICALEDUCATION,MADHYAPRADESH",,,,,,,,,,,,,,
LATERALENTRYBTECH,,,,,,,,,,,,,,
OPENINGCLOSINGRANK-FIRSTROUND2026,,,,,,,,,,,,,,
BASEDONQUALIFYINGEXAM DATE:06.08.2026,,,,,,,,,,,,,,
S.No.,INST_NAME,,,INST_TYPE,FW,BRANCH,OPENING_RANK,CLOSING_RANK,OPENING_MERIT,CLOSING_MERIT,ALLOTTED_CATEGORY,DOMICILE,TOTAL_ALLOTTED,
685,"ShriG.S.InstituteofTechnology&Science,Indore(M.P.)(1952)",,,GOVT,N,"Electronics
and
Telecommu
nications",473,473,79.5,79.5,UR/X/F,Y,1,
686,"ShriG.S.InstituteofTechnology&Science,Indore(M.P.)(1952)",,,GOVT,N,CIVIL,220,549,82.7,78.7,UR/X/F,Y,2,
687,"ShriG.S.InstituteofTechnology&Science,Indore(M.P.)(1952)",,,GOVT,N,EI,595,678,78.2,77.6,UR/X/F,Y,2,
688,"ShriG.S.InstituteofTechnology&Science,Indore(M.P.)(1952)",,,GOVT,N,IP,1049,1049,75.1,75.1,UR/X/F,Y,1,
689,"ShriG.S.InstituteofTechnology&Science,Indore(M.P.)(1952)",,,GOVT,N,MECH,1069,1069,75,75,UR/X/F,Y,1,
690,"ShriG.S.InstituteofTechnology&Science,Indore(M.P.)(1952)",,,GOVT,N,BM,3094,3094,63.5,63.5,UR/X/F,Y,1,
691,"ShriG.S.InstituteofTechnology&Science,Indore(M.P.)(1952)",,,GOVT,N,CSE,10,68,90.8,87,UR/X/OP,Y,4,
692,"ShriG.S.InstituteofTechnology&Science,Indore(M.P.)(1952)",,,GOVT,N,IT,77,181,86.5,83.39,UR/X/OP,Y,4,
693,"ShriG.S.InstituteofTechnology&Science,Indore(M.P.)(1952)",,,GOVT,N,EE,104,236,85.28,82.5,UR/X/OP,Y,3,
694,"ShriG.S.InstituteofTechnology&Science,Indore(M.P.)(1952)",,,GOVT,N,MECH,161,431,83.75,79.81,UR/X/OP,Y,3,
695,"ShriG.S.InstituteofTechnology&Science,Indore(M.P.)(1952)",,,GOVT,N,CIVIL,115,453,85,79.7,UR/X/OP,Y,3,
696,"ShriG.S.InstituteofTechnology&Science,Indore(M.P.)(1952)",,,GOVT,N,"Electronics
and
Telecommu
nications",143,513,84.3,79.1,UR/X/OP,Y,3,
697,"ShriG.S.InstituteofTechnology&Science,Indore(M.P.)(1952)",,,GOVT,N,EI,196,667,83.1,77.7,UR/X/OP,Y,3,
698,"ShriG.S.InstituteofTechnology&Science,Indore(M.P.)(1952)",,,GOVT,N,IP,1823,2267,71.3,68.96,UR/X/OP,Y,4,
699,"ShriG.S.InstituteofTechnology&Science,Indore(M.P.)(1952)",,,GOVT,N,BEIL,2356,2356,68.5,68.5,UR/X/OP,Y,1,
700,"ShriG.S.InstituteofTechnology&Science,Indore(M.P.)(1952)",,,GOVT,N,BM,1105,3474,74.7,55.9,UR/X/OP,Y,2,
701,"ShriGuruSandipaniInstituteofTechnology&Science,Ujjain
(2009)",,,Private,N,MECH,2802,3215,65.9,62.2,OBC/X/OP,,3,

"*InURcategory,Othercategorycandidatesarealsoallotted",,,Page27of39,,,,,,,,,,,
"DIRECTORATEOFTECHNICALEDUCATION,MADHYAPRADESH",,,,,,,,,,,,,,
LATERALENTRYBTECH,,,,,,,,,,,,,,
OPENINGCLOSINGRANK-FIRSTROUND2026,,,,,,,,,,,,,,
BASEDONQUALIFYINGEXAM DATE:06.08.2026,,,,,,,,,,,,,,
S.No.,INST_NAME,,,INST_TYPE,FW,BRANCH,OPENING_RANK,CLOSING_RANK,OPENING_MERIT,CLOSING_MERIT,ALLOTTED_CATEGORY,DOMICILE,TOTAL_ALLOTTED,
702,"ShriGuruSandipaniInstituteofTechnology&Science,Ujjain
(2009)",,,Private,N,CSE,3476,3476,55.8,55.8,OBC/X/OP,,1,
703,"ShriGuruSandipaniInstituteofTechnology&Science,Ujjain
(2009)",,,Private,N,MECH,328,2801,81.06,65.9,UR/X/OP,,24,
704,"ShriGuruSandipaniInstituteofTechnology&Science,Ujjain
(2009)",,,Private,N,CIVIL,64,3124,87.3,63.1,UR/X/OP,,12,
705,"ShriGuruSandipaniInstituteofTechnology&Science,Ujjain
(2009)",,,Private,N,CSE,1336,3310,73.4,61,UR/X/OP,,8,
706,"ShriGuruSandipaniInstituteofTechnology&Science,Ujjain
(2009)",,,Private,N,EC,1627,3453,72.1,57.24,UR/X/OP,,6,
707,"ShriGuruSandipaniInstituteofTechnology&Science,Ujjain
(2009)",,,Private,N,MECH,3017,3106,64.2,63.4,"UR/X/OP(After
Conversion)",,2,
708,"ShriRamCollegeofEngineering&Management,Banmore
(1998)",,,Private,N,EC,3450,3450,57.5,57.5,OBC/X/OP,,1,
709,"ShriRamCollegeofEngineering&Management,Banmore
(1998)",,,Private,N,CSE,517,1203,79,74.17,UR/X/OP,,2,
710,"ShriRamCollegeofEngineering&Management,Banmore
(1998)",,,Private,N,AIML,1676,1676,71.9,71.9,UR/X/OP,,1,
711,"ShriRamCollegeofEngineering&Management,Banmore
(1998)",,,Private,N,MECH,380,1804,80.4,71.36,UR/X/OP,,2,
712,"ShriRamCollegeofEngineering&Management,Banmore
(1998)",,,Private,N,EC,1419,2535,73,67.5,UR/X/OP,,3,
713,"ShriRamCollegeofEngineering&Management,Banmore
(1998)",,,Private,N,EC,2616,2616,67.03,67.03,"UR/X/OP(After
Conversion)",,1,
714,"SHRIRAMGROUPOFINSTITUTION(FACULTYOFENGINEERING,
PHARMACY,MBA,MCA),JABALPUR(2009)",,,Private,N,MECH,2443,2443,68.01,68.01,UR/X/OP,,1,
715,"SHRIRAMGROUPOFINSTITUTION(FACULTYOFENGINEERING,
PHARMACY,MBA,MCA),JABALPUR(2009)",,,Private,N,CSEAIADS,2569,2569,67.3,67.3,UR/X/OP,,1,
716,"SHRIRAMGROUPOFINSTITUTION(FACULTYOFENGINEERING,
PHARMACY,MBA,MCA),JABALPUR(2009)",,,private,N,CIVIL,2880,3013,65.3,64.2,UR/X/OP,,2,
717,"ShriRamInstituteofInformationTechnology,Banmore,Morena
(2007)",,,Private,N,EC,576,576,78.3,78.3,UR/X/OP,,1,
718,"ShriRamInstituteofInformationTechnology,Banmore,Morena
(2007)",,,Private,N,AIAIDS,2745,2745,66.24,66.24,UR/X/OP,,1,
719,"ShriRamInstituteofInformationTechnology,Banmore,Morena
(2007)",,,private,N,MECH,235,2810,82.5,65.88,UR/X/OP,,3,
720,"ShriRamInstituteofInformationTechnology,Banmore,Morena
(2007)",,,private,N,CIVIL,800,2980,76.7,64.5,UR/X/OP,,6,
721,"ShriRamInstituteofScience&Technology,Jabalpur(2007)",,,Private,N,CSEITCS,2649,2649,66.9,66.9,UR/X/OP,,1,

"*InURcategory,Othercategorycandidatesarealsoallotted",,,Page28of39,,,,,,,,,,,
"DIRECTORATEOFTECHNICALEDUCATION,MADHYAPRADESH",,,,,,,,,,,,,,
LATERALENTRYBTECH,,,,,,,,,,,,,,
OPENINGCLOSINGRANK-FIRSTROUND2026,,,,,,,,,,,,,,
BASEDONQUALIFYINGEXAM DATE:06.08.2026,,,,,,,,,,,,,,
S.No.,INST_NAME,,,INST_TYPE,FW,BRANCH,OPENING_RANK,CLOSING_RANK,OPENING_MERIT,CLOSING_MERIT,ALLOTTED_CATEGORY,DOMICILE,TOTAL_ALLOTTED,
722,"ShriRamInstituteofScience&Technology,Jabalpur(2007)",,,Private,N,CSE,2485,3258,67.8,61.7,UR/X/OP,,2,
723,"ShriRamInstituteofTechnology,Jabalpur(2001)",,,Private,N,CIVIL,3424,3424,58.5,58.5,SC/X/OP,,1,
724,"ShriRamInstituteofTechnology,Jabalpur(2001)",,,Private,N,CIVIL,2938,3206,64.8,62.3,ST/X/OP,,2,
725,"ShriRamInstituteofTechnology,Jabalpur(2001)",,,Private,N,EE,765,1119,76.9,74.6,UR/X/OP,,2,
726,"ShriRamInstituteofTechnology,Jabalpur(2001)",,,Private,N,CIVIL,238,1978,82.5,70.5,UR/X/OP,,4,
727,"ShriRamInstituteofTechnology,Jabalpur(2001)",,,Private,N,CSE,309,2021,81.4,70.2,UR/X/OP,,2,
728,"ShriRamInstituteofTechnology,Jabalpur(2001)",,,Private,N,CEng,2273,2273,68.9,68.9,UR/X/OP,,1,
729,"ShriRamInstituteofTechnology,Jabalpur(2001)",,,Private,N,CSEIML,2494,2494,67.7,67.7,UR/X/OP,,1,
730,"ShriRamInstituteofTechnology,Jabalpur(2001)",,,Private,N,EC,334,3061,81,63.8,UR/X/OP,,2,
731,"ShriRamInstituteofTechnology,Jabalpur(2001)",,,Private,N,MECH,1647,3426,72,58.4,UR/X/OP,,3,
732,"SHRIRAMA KRISHNA COLLEGEOFENGINEERING SCIENCE
ANDMANAGEMENT(SRKCESM),SATNA",,,Private,N,CSEIML,683,683,77.5,77.5,UR/X/OP,,1,
733,"SHRIRAMA KRISHNA COLLEGEOFENGINEERING SCIENCE
ANDMANAGEMENT(SRKCESM),SATNA",,,Private,N,CIVIL,1835,1835,71.2,71.2,UR/X/OP,,1,
734,"SHRIRAMA KRISHNA COLLEGEOFENGINEERING SCIENCE
ANDMANAGEMENT(SRKCESM),SATNA",,,Private,N,MECH,285,3237,81.7,62,UR/X/OP,,15,
735,"SHRIRAMA KRISHNA COLLEGEOFENGINEERING SCIENCE
ANDMANAGEMENT(SRKCESM),SATNA",,,Private,N,EE,225,3465,82.6,56.4,UR/X/OP,,13,
736,"SHRIRAMA KRISHNA COLLEGEOFENGINEERING SCIENCE
ANDMANAGEMENT(SRKCESM),SATNA",,,Private,N,MINING,14,3517,90.3,52.8,UR/X/OP,,9,
737,"ShriYogendraSagarInstitute ofTechnology&Science,Ratlam
(2008)",,,private,N,MECH,2350,3066,68.5,63.8,UR/X/OP,,2,
738,"SRAJANINSTITUTEOFTECH.,MANAGEMENT&SCIENCE,
RATLAM(2009)",,,Private,N,CSE,2878,2878,65.3,65.3,UR/X/OP,,1,
739,"SriAurobindoInstituteofTechnology,Indore(2009)",,,private,N,MECH,2451,2451,68,68,UR/X/OP,,1,
740,"SriAurobindoInstituteofTechnology,Indore(2009)",,,Private,N,CSEIML,1090,2851,74.8,65.5,UR/X/OP,,3,
741,"SriAurobindoInstituteofTechnology,Indore(2009)",,,Private,N,CSE,2766,3393,66.1,59.5,UR/X/OP,,2,
742,"SriParashuram InstituteofTechnology&Research,Khandwa
(2013)",,,Private,N,MECH,2079,2079,69.9,69.9,UR/X/OP,,1,
743,"ST.ALOYSIUSINSTITUTEOFTECHNOLOGY,JABALPUR(2009)",,,private,N,MECH,281,2573,81.8,67.3,UR/X/OP,,5,
744,"ST.ALOYSIUSINSTITUTEOFTECHNOLOGY,JABALPUR(2009)",,,Private,N,CSE,2911,2911,65,65,UR/X/OP,,1,
745,"ST.ALOYSIUSINSTITUTEOFTECHNOLOGY,JABALPUR(2009)",,,Private,N,CIVIL,1360,3197,73.3,62.3,UR/X/OP,,4,
746,"SurabhiCollegeofEngineering&Technology,Bhopal(2008)",,,Private,N,ELECTELEX,1154,1154,74.4,74.4,UR/X/OP,,1,
747,"SurabhiCollegeofEngineering&Technology,Bhopal(2008)",,,Private,N,CIVIL,1534,1534,72.53,72.53,UR/X/OP,,1,
748,"SurabhiCollegeofEngineering&Technology,Bhopal(2008)",,,Private,N,MECH,2329,2329,68.67,68.67,UR/X/OP,,1,

"*InURcategory,Othercategorycandidatesarealsoallotted",,,Page29of39,,,,,,,,,,,
"DIRECTORATEOFTECHNICALEDUCATION,MADHYAPRADESH",,,,,,,,,,,,,,
LATERALENTRYBTECH,,,,,,,,,,,,,,
OPENINGCLOSINGRANK-FIRSTROUND2026,,,,,,,,,,,,,,
BASEDONQUALIFYINGEXAM DATE:06.08.2026,,,,,,,,,,,,,,
S.No.,INST_NAME,,,INST_TYPE,FW,BRANCH,OPENING_RANK,CLOSING_RANK,OPENING_MERIT,CLOSING_MERIT,ALLOTTED_CATEGORY,DOMICILE,TOTAL_ALLOTTED,
749,"SushilaDeviBansalCollegeofEngineering,Indore(2006)",,,Private,N,CSE,1276,1298,73.8,73.7,UR/X/OP,,2,
750,"SushilaDeviBansalCollegeofEngineering,Indore(2006)",,,Private,N,CSEIML,711,1996,77.3,70.4,UR/X/OP,,2,
751,"SushilaDeviBansalCollegeofEngineering,Indore(2006)",,,Private,N,CIVIL,769,2685,76.9,66.65,UR/X/OP,,3,
752,"SushilaDeviBansalCollegeofEngineering,Indore(2006)",,,Private,N,MECH,871,2924,76.27,64.9,UR/X/OP,,3,
753,"SushilaDeviBansalCollegeofEngineering,Indore(2006)",,,Private,N,CSEDS,3255,3446,61.7,57.6,UR/X/OP,,2,
754,"SushilaDeviBansalCollegeofTechnology,indore(2005)",,,Private,N,EC,2319,2319,68.7,68.7,OBC/X/OP,,1,
755,"SushilaDeviBansalCollegeofTechnology,indore(2005)",,,Private,N,EC,3145,3145,62.9,62.9,SC/X/OP,,1,
756,"SushilaDeviBansalCollegeofTechnology,indore(2005)",,,Private,N,CIVIL,835,1794,76.5,71.4,UR/X/OP,,2,
757,"SushilaDeviBansalCollegeofTechnology,indore(2005)",,,Private,N,EC,447,2149,79.7,69.6,UR/X/OP,,4,
758,"SushilaDeviBansalCollegeofTechnology,indore(2005)",,,Private,N,CSE,460,2597,79.6,67.12,UR/X/OP,,9,
759,"SushilaDeviBansalCollegeofTechnology,indore(2005)",,,Private,N,MECH,296,3421,81.6,58.6,UR/X/OP,,18,
760,"SushilaDeviBansalCollegeofTechnology,indore(2005)",,,Private,N,CSE,2665,2665,66.8,66.8,"UR/X/OP(After
Conversion)",,1,
761,"SushilaDeviBansalCollegeofTechnology,indore(2005)",,,Private,N,EC,3143,3274,62.9,61.46,"UR/X/OP(After
Conversion)",,2,
762,"SwamiVivekanandCollegeofEngineering,Indore(2004)",,,Private,N,ELECTELEX,85,2711,86.1,66.5,UR/X/OP,,6,
763,"TakshshilaInstituteofEngineering&Technology,Jabalpur
(2004)",,,Private,N,MECH,2788,3278,66,61.4,OBC/X/OP,,5,
764,"TakshshilaInstituteofEngineering&Technology,Jabalpur
(2004)",,,Private,N,CIVIL,3428,3428,58.4,58.4,OBC/X/OP,,1,
765,"TakshshilaInstituteofEngineering&Technology,Jabalpur
(2004)",,,Private,N,ELECTELEX,2023,3478,70.2,55.6,OBC/X/OP,,9,
766,"TakshshilaInstituteofEngineering&Technology,Jabalpur
(2004)",,,Private,N,ELECTELEX,2159,2159,69.5,69.5,SC/X/OP,,1,
767,"TakshshilaInstituteofEngineering&Technology,Jabalpur
(2004)",,,Private,N,ELECTELEX,2423,2561,68.1,67.39,ST/X/OP,,2,
768,"TakshshilaInstituteofEngineering&Technology,Jabalpur
(2004)",,,Private,N,ELECTELEX,72,1961,86.7,70.6,UR/X/OP,,21,
769,"TakshshilaInstituteofEngineering&Technology,Jabalpur
(2004)",,,Private,N,CSEIML,2392,2392,68.3,68.3,UR/X/OP,,1,
770,"TakshshilaInstituteofEngineering&Technology,Jabalpur
(2004)",,,Private,N,MECH,635,2718,77.91,66.47,UR/X/OP,,24,
771,"TakshshilaInstituteofEngineering&Technology,Jabalpur
(2004)",,,Private,N,CSE,810,3326,76.7,60.8,UR/X/OP,,15,
772,"TakshshilaInstituteofEngineering&Technology,Jabalpur
(2004)",,,Private,N,CIVIL,150,3343,84.1,60.42,UR/X/OP,,21,
773,"TakshshilaInstituteofEngineering&Technology,Jabalpur
(2004)",,,Private,N,ELECTELEX,2163,3411,69.5,58.87,"UR/X/OP(After
Conversion)",,8,

"*InURcategory,Othercategorycandidatesarealsoallotted",,,Page30of39,,,,,,,,,,,
"DIRECTORATEOFTECHNICALEDUCATION,MADHYAPRADESH",,,,,,,,,,,,,,
LATERALENTRYBTECH,,,,,,,,,,,,,,
OPENINGCLOSINGRANK-FIRSTROUND2026,,,,,,,,,,,,,,
BASEDONQUALIFYINGEXAM DATE:06.08.2026,,,,,,,,,,,,,,
S.No.,INST_NAME,,,INST_TYPE,FW,BRANCH,OPENING_RANK,CLOSING_RANK,OPENING_MERIT,CLOSING_MERIT,ALLOTTED_CATEGORY,DOMICILE,TOTAL_ALLOTTED,
774,"TakshshilaInstituteofEngineering&Technology,Jabalpur
(2004)",,,Private,N,MECH,2929,3419,64.8,58.67,"UR/X/OP(After
Conversion)",,5,
775,"TechnocratsInstituteofTechnology&Science,Bhopal(2007)",,,Private,N,CSEIML,92,92,85.8,85.8,EWS,,1,
776,"TechnocratsInstituteofTechnology&Science,Bhopal(2007)",,,Private,N,MECH,752,1739,77,71.6,OBC/X/OP,,2,
777,"TechnocratsInstituteofTechnology&Science,Bhopal(2007)",,,Private,N,ELECTELEX,1608,2958,72.2,64.7,OBC/X/OP,,3,
778,"TechnocratsInstituteofTechnology&Science,Bhopal(2007)",,,Private,N,MECH,165,165,83.7,83.7,UR/X/OP,,1,
779,"TechnocratsInstituteofTechnology&Science,Bhopal(2007)",,,Private,N,CIVIL,61,778,87.5,76.84,UR/X/OP,,6,
780,"TechnocratsInstituteofTechnology&Science,Bhopal(2007)",,,Private,N,ELECTELEX,624,924,78,75.8,UR/X/OP,,3,
781,"TechnocratsInstituteofTechnology&Science,Bhopal(2007)",,,Private,N,CSEAI,1880,1880,71,71,UR/X/OP,,1,
782,"TechnocratsInstituteofTechnology&Science,Bhopal(2007)",,,Private,N,CSE,1592,2483,72.3,67.8,UR/X/OP,,4,
783,"TechnocratsInstituteofTechnology&Science,Bhopal(2007)",,,Private,N,CSEIML,167,3263,83.7,61.64,UR/X/OP,,9,
784,"TechnocratsInstituteofTechnology&Science,Bhopal(2007)",,,Private,N,CIVIL,984,1526,75.5,72.6,"UR/X/OP(After
Conversion)",,6,
785,"TechnocratsInstituteofTechnology(Excellence),Bhopal(2007)",,,Private,N,MECH,1357,1755,73.3,71.56,OBC/X/OP,,2,
786,"TechnocratsInstituteofTechnology(Excellence),Bhopal(2007)",,,private,N,ELECTELEX,3444,3525,57.7,51.39,OBC/X/OP,,3,
787,"TechnocratsInstituteofTechnology(Excellence),Bhopal(2007)",,,Private,N,MECH,897,897,76.08,76.08,UR/X/OP,,1,
788,"TechnocratsInstituteofTechnology(Excellence),Bhopal(2007)",,,private,N,ELECTELEX,223,1315,82.62,73.56,UR/X/OP,,4,
789,"TechnocratsInstituteofTechnology(Excellence),Bhopal(2007)",,,private,N,CIVIL,1426,1802,72.94,71.38,UR/X/OP,,2,
790,"TechnocratsInstituteofTechnology(Excellence),Bhopal(2007)",,,Private,N,EC,1776,2734,71.5,66.3,UR/X/OP,,2,
791,"TechnocratsInstituteofTechnology(Excellence),Bhopal(2007)",,,Private,N,CSEIML,1586,3309,72.3,61,UR/X/OP,,8,
792,"TechnocratsInstituteofTechnology(Excellence),Bhopal(2007)",,,Private,N,CSE,188,3491,83.3,54.7,UR/X/OP,,8,

"*InURcategory,Othercategorycandidatesarealsoallotted",,,Page31of39,,,,,,,,,,,
"DIRECTORATEOFTECHNICALEDUCATION,MADHYAPRADESH",,,,,,,,,,,,,,
LATERALENTRYBTECH,,,,,,,,,,,,,,
OPENINGCLOSINGRANK-FIRSTROUND2026,,,,,,,,,,,,,,
BASEDONQUALIFYINGEXAM DATE:06.08.2026,,,,,,,,,,,,,,
S.No.,INST_NAME,,,INST_TYPE,FW,BRANCH,OPENING_RANK,CLOSING_RANK,OPENING_MERIT,CLOSING_MERIT,ALLOTTED_CATEGORY,DOMICILE,TOTAL_ALLOTTED,
793,"TechnocratsInstituteofTechnology(Excellence),Bhopal(2007)",,,private,N,CIVIL,1808,1808,71.3,71.3,"UR/X/OP(After
Conversion)",,1,
794,"TechnocratsInstituteofTechnology(Excellence),Bhopal(2007)",,,private,N,ELECTELEX,1873,1873,71.07,71.07,"UR/X/OP(After
Conversion)",,1,
795,"TechnocratsInstituteofTechnology(Excellence),Bhopal(2007)",,,Private,N,EC,2915,2915,65,65,"UR/X/OP(After
Conversion)",,1,
796,"TECHNOCRATSINSTITUTEOFTECHNOLOGY,BHOPAL (2000)",,,Private,N,CIVIL,1921,1921,70.8,70.8,OBC/X/OP,,1,
797,"TECHNOCRATSINSTITUTEOFTECHNOLOGY,BHOPAL (2000)",,,Private,N,MECH,2399,3423,68.3,58.5,OBC/X/OP,,2,
798,"TECHNOCRATSINSTITUTEOFTECHNOLOGY,BHOPAL (2000)",,,Private,N,MECH,2676,3412,66.7,58.8,SC/X/OP,,2,
799,"TECHNOCRATSINSTITUTEOFTECHNOLOGY,BHOPAL (2000)",,,Private,N,CIVIL,3014,3488,64.2,54.8,SC/X/OP,,3,
800,"TECHNOCRATSINSTITUTEOFTECHNOLOGY,BHOPAL (2000)",,,Private,N,CSEDS,628,628,78,78,UR/X/OP,,1,
801,"TECHNOCRATSINSTITUTEOFTECHNOLOGY,BHOPAL (2000)",,,Private,N,CIVIL,172,1855,83.64,71.1,UR/X/OP,,12,
802,"TECHNOCRATSINSTITUTEOFTECHNOLOGY,BHOPAL (2000)",,,Private,N,MECH,1067,2333,75,68.64,UR/X/OP,,8,
803,"TECHNOCRATSINSTITUTEOFTECHNOLOGY,BHOPAL (2000)",,,Private,N,CSE,596,2364,78.2,68.5,UR/X/OP,,6,
804,"TECHNOCRATSINSTITUTEOFTECHNOLOGY,BHOPAL (2000)",,,Private,N,EC,506,2922,79.2,64.9,UR/X/OP,,6,
805,"TECHNOCRATSINSTITUTEOFTECHNOLOGY,BHOPAL (2000)",,,Private,N,ELECTELEX,80,3256,86.33,61.7,UR/X/OP,,18,
806,"TECHNOCRATSINSTITUTEOFTECHNOLOGY,BHOPAL (2000)",,,Private,N,CSEIML,2594,3365,67.19,60.1,UR/X/OP,,4,
807,"TECHNOCRATSINSTITUTEOFTECHNOLOGY,BHOPAL (2000)",,,Private,N,CIVIL,1995,2531,70.4,67.51,"UR/X/OP(After
Conversion)",,8,
808,"TECHNOCRATSINSTITUTEOFTECHNOLOGY,BHOPAL (2000)",,,Private,N,MECH,2340,3084,68.6,63.63,"UR/X/OP(After
Conversion)",,4,
809,"TECHNOCRATSINSTITUTEOFTECHNOLOGY,BHOPAL (2000)",,,Private,N,ELECTELEX,3344,3344,60.4,60.4,"UR/X/OP(After
Conversion)",,1,
810,"TECHNOCRATSINSTITUTEOFTECHNOLOGY-COMPUTER
SCIENCEANDENGINEERING,BHOPAL (FORMERLY
TECHNOCRATESINSTITUTEOFTECHNOLOGY-ADVANCE,
BHOPAL (2008))",,,Private,N,CIVIL,1664,3078,71.9,63.7,OBC/X/OP,,2,

"*InURcategory,Othercategorycandidatesarealsoallotted",,,Page32of39,,,,,,,,,,,
"DIRECTORATEOFTECHNICALEDUCATION,MADHYAPRADESH",,,,,,,,,,,,,,
LATERALENTRYBTECH,,,,,,,,,,,,,,
OPENINGCLOSINGRANK-FIRSTROUND2026,,,,,,,,,,,,,,
BASEDONQUALIFYINGEXAM DATE:06.08.2026,,,,,,,,,,,,,,
S.No.,INST_NAME,,,INST_TYPE,FW,BRANCH,OPENING_RANK,CLOSING_RANK,OPENING_MERIT,CLOSING_MERIT,ALLOTTED_CATEGORY,DOMICILE,TOTAL_ALLOTTED,
811,"TECHNOCRATSINSTITUTEOFTECHNOLOGY-COMPUTER
SCIENCEANDENGINEERING,BHOPAL (FORMERLY
TECHNOCRATESINSTITUTEOFTECHNOLOGY-ADVANCE,
BHOPAL (2008))",,,Private,N,CIVIL,29,407,89.5,80.1,UR/X/OP,,3,
812,"TECHNOCRATSINSTITUTEOFTECHNOLOGY-COMPUTER
SCIENCEANDENGINEERING,BHOPAL (FORMERLY
TECHNOCRATESINSTITUTEOFTECHNOLOGY-ADVANCE,
BHOPAL (2008))",,,Private,N,CSE,718,2947,77.25,64.75,UR/X/OP,,7,
813,"TECHNOCRATSINSTITUTEOFTECHNOLOGY-COMPUTER
SCIENCEANDENGINEERING,BHOPAL (FORMERLY
TECHNOCRATESINSTITUTEOFTECHNOLOGY-ADVANCE,
BHOPAL (2008))",,,Private,N,CSEIML,2628,3115,67,63.3,UR/X/OP,,2,
814,"TECHNOCRATSINSTITUTEOFTECHNOLOGY-COMPUTER
SCIENCEANDENGINEERING,BHOPAL (FORMERLY
TECHNOCRATESINSTITUTEOFTECHNOLOGY-ADVANCE,
BHOPAL (2008))",,,Private,N,CIVIL,521,521,79,79,"UR/X/OP(After
Conversion)",,1,
815,"ThakurShivKumarSinghMemorialEngineeringCollege,
Burhanpur(2011)",,,Private,N,MECH,50,50,87.71,87.71,UR/X/OP,,1,
816,"ThakurShivKumarSinghMemorialEngineeringCollege,
Burhanpur(2011)",,,Private,N,EE,1273,1506,73.8,72.6,UR/X/OP,,2,
817,"ThakurShivKumarSinghMemorialEngineeringCollege,
Burhanpur(2011)",,,Private,N,CSE,1579,1579,72.3,72.3,UR/X/OP,,1,
818,"ThakurShivKumarSinghMemorialEngineeringCollege,
Burhanpur(2011)",,,Private,N,EC,2934,2934,64.8,64.8,UR/X/OP,,1,
819,"TrubaInstitute ofEngineering&InformationTechnology,Bhopal
(2001)",,,Private,N,EC,485,1553,79.42,72.49,UR/X/OP,,2,
820,"TrubaInstitute ofEngineering&InformationTechnology,Bhopal
(2001)",,,Private,N,CIVIL,563,2901,78.49,65.07,UR/X/OP,,5,
821,"TrubaInstitute ofEngineering&InformationTechnology,Bhopal
(2001)",,,Private,N,ELECTELEX,2338,3224,68.6,62.1,UR/X/OP,,3,
822,"TrubaInstitute ofEngineering&InformationTechnology,Bhopal
(2001)",,,Private,N,MECH,970,3296,75.56,61.1,UR/X/OP,,3,
823,"TrubaInstitute ofEngineering&InformationTechnology,Bhopal
(2001)",,,Private,N,CSE,320,3427,81.16,58.4,UR/X/OP,,2,
824,"UJJAINENGINEERINGCOLLEGE(FORMERLYGOVT.ENGG.
COLLEGEESTB.IN1966)",,,GOVT,N,CSE,427,427,79.89,79.89,OBC/X/OP,Y,1,
825,"UJJAINENGINEERINGCOLLEGE(FORMERLYGOVT.ENGG.
COLLEGEESTB.IN1966)",,,GOVT,N,CHEM,609,609,78.1,78.1,OBC/X/OP,Y,1,

"*InURcategory,Othercategorycandidatesarealsoallotted",,,Page33of39,,,,,,,,,,,
"DIRECTORATEOFTECHNICALEDUCATION,MADHYAPRADESH",,,,,,,,,,,,,,
LATERALENTRYBTECH,,,,,,,,,,,,,,
OPENINGCLOSINGRANK-FIRSTROUND2026,,,,,,,,,,,,,,
BASEDONQUALIFYINGEXAM DATE:06.08.2026,,,,,,,,,,,,,,
S.No.,INST_NAME,,,INST_TYPE,FW,BRANCH,OPENING_RANK,CLOSING_RANK,OPENING_MERIT,CLOSING_MERIT,ALLOTTED_CATEGORY,DOMICILE,TOTAL_ALLOTTED,
826,"UJJAINENGINEERINGCOLLEGE(FORMERLYGOVT.ENGG.
COLLEGEESTB.IN1966)",,,GOVT,N,EE,785,785,76.8,76.8,OBC/X/OP,Y,1,
827,"UJJAINENGINEERINGCOLLEGE(FORMERLYGOVT.ENGG.
COLLEGEESTB.IN1966)",,,GOVT,N,MECH,1182,1182,74.3,74.3,OBC/X/OP,Y,1,
828,"UJJAINENGINEERINGCOLLEGE(FORMERLYGOVT.ENGG.
COLLEGEESTB.IN1966)",,,GOVT,N,EC,1811,2279,71.3,68.9,OBC/X/OP,Y,3,
829,"UJJAINENGINEERINGCOLLEGE(FORMERLYGOVT.ENGG.
COLLEGEESTB.IN1966)",,,GOVT,N,EE,1106,1106,74.7,74.7,SC/X/OP,Y,1,
830,"UJJAINENGINEERINGCOLLEGE(FORMERLYGOVT.ENGG.
COLLEGEESTB.IN1966)",,,GOVT,N,CIVIL,2043,2043,70.1,70.1,SC/X/OP,Y,1,
831,"UJJAINENGINEERINGCOLLEGE(FORMERLYGOVT.ENGG.
COLLEGEESTB.IN1966)",,,GOVT,N,CSE,1703,2464,71.7,67.9,SC/X/OP,Y,2,
832,"UJJAINENGINEERINGCOLLEGE(FORMERLYGOVT.ENGG.
COLLEGEESTB.IN1966)",,,GOVT,N,CHEM,2242,2492,69.1,67.7,SC/X/OP,Y,2,
833,"UJJAINENGINEERINGCOLLEGE(FORMERLYGOVT.ENGG.
COLLEGEESTB.IN1966)",,,GOVT,N,MECH,2505,2818,67.7,65.8,SC/X/OP,Y,2,
834,"UJJAINENGINEERINGCOLLEGE(FORMERLYGOVT.ENGG.
COLLEGEESTB.IN1966)",,,GOVT,N,CIVIL,210,210,82.9,82.9,ST/X/OP,Y,1,
835,"UJJAINENGINEERINGCOLLEGE(FORMERLYGOVT.ENGG.
COLLEGEESTB.IN1966)",,,GOVT,N,EE,1593,1593,72.3,72.3,ST/X/OP,Y,1,
836,"UJJAINENGINEERINGCOLLEGE(FORMERLYGOVT.ENGG.
COLLEGEESTB.IN1966)",,,GOVT,N,EE,152,152,84.1,84.1,UR/X/F,Y,1,
837,"UJJAINENGINEERINGCOLLEGE(FORMERLYGOVT.ENGG.
COLLEGEESTB.IN1966)",,,GOVT,N,CHEM,297,297,81.6,81.6,UR/X/F,Y,1,
838,"UJJAINENGINEERINGCOLLEGE(FORMERLYGOVT.ENGG.
COLLEGEESTB.IN1966)",,,GOVT,N,CSE,351,351,80.7,80.7,UR/X/F,Y,1,
839,"UJJAINENGINEERINGCOLLEGE(FORMERLYGOVT.ENGG.
COLLEGEESTB.IN1966)",,,GOVT,N,EC,454,454,79.7,79.7,UR/X/F,Y,1,
840,"UJJAINENGINEERINGCOLLEGE(FORMERLYGOVT.ENGG.
COLLEGEESTB.IN1966)",,,GOVT,N,MECH,1365,1365,73.3,73.3,UR/X/F,Y,1,
841,"UJJAINENGINEERINGCOLLEGE(FORMERLYGOVT.ENGG.
COLLEGEESTB.IN1966)",,,GOVT,N,CIVIL,98,98,85.5,85.5,UR/X/OP,Y,1,
842,"UJJAINENGINEERINGCOLLEGE(FORMERLYGOVT.ENGG.
COLLEGEESTB.IN1966)",,,GOVT,N,CHEM,310,353,81.38,80.7,UR/X/OP,Y,2,
843,"UJJAINENGINEERINGCOLLEGE(FORMERLYGOVT.ENGG.
COLLEGEESTB.IN1966)",,,GOVT,N,CSE,373,387,80.4,80.3,UR/X/OP,Y,2,
844,"UJJAINENGINEERINGCOLLEGE(FORMERLYGOVT.ENGG.
COLLEGEESTB.IN1966)",,,GOVT,N,EE,436,483,79.8,79.5,UR/X/OP,Y,2,

"*InURcategory,Othercategorycandidatesarealsoallotted",,,Page34of39,,,,,,,,,,,
"DIRECTORATEOFTECHNICALEDUCATION,MADHYAPRADESH",,,,,,,,,,,,,,
LATERALENTRYBTECH,,,,,,,,,,,,,,
OPENINGCLOSINGRANK-FIRSTROUND2026,,,,,,,,,,,,,,
BASEDONQUALIFYINGEXAM DATE:06.08.2026,,,,,,,,,,,,,,
S.No.,INST_NAME,,,INST_TYPE,FW,BRANCH,OPENING_RANK,CLOSING_RANK,OPENING_MERIT,CLOSING_MERIT,ALLOTTED_CATEGORY,DOMICILE,TOTAL_ALLOTTED,
845,"UJJAINENGINEERINGCOLLEGE(FORMERLYGOVT.ENGG.
COLLEGEESTB.IN1966)",,,GOVT,N,MECH,981,997,75.5,75.4,UR/X/OP,Y,2,
846,"UJJAINENGINEERINGCOLLEGE(FORMERLYGOVT.ENGG.
COLLEGEESTB.IN1966)",,,GOVT,N,EC,617,1046,78.1,75.1,UR/X/OP,Y,2,
847,"UniversityInstituteofTechnologyBarkatullahUniversity,Bhopal
(1997)",,,S.F.I.,N,CSE,1460,1460,72.8,72.8,OBC/X/F,Y,1,
848,"UniversityInstituteofTechnologyBarkatullahUniversity,Bhopal
(1997)",,,S.F.I.,N,CSE,1100,1175,74.7,74.3,OBC/X/OP,Y,2,
849,"UniversityInstituteofTechnologyBarkatullahUniversity,Bhopal
(1997)",,,S.F.I.,N,IT,3325,3325,60.8,60.8,OBC/X/OP,Y,1,
850,"UniversityInstituteofTechnologyBarkatullahUniversity,Bhopal
(1997)",,,S.F.I.,N,CSE,1689,1689,71.8,71.8,SC/X/F,Y,1,
851,"UniversityInstituteofTechnologyBarkatullahUniversity,Bhopal
(1997)",,,S.F.I.,N,CSE,3103,3195,63.5,62.32,SC/X/OP,Y,2,
852,"UniversityInstituteofTechnologyBarkatullahUniversity,Bhopal
(1997)",,,S.F.I.,N,CIVIL,3414,3414,58.8,58.8,ST/X/F,Y,1,
853,"UniversityInstituteofTechnologyBarkatullahUniversity,Bhopal
(1997)",,,S.F.I.,N,CSE,2789,2789,66,66,ST/X/OP,Y,1,
854,"UniversityInstituteofTechnologyBarkatullahUniversity,Bhopal
(1997)",,,S.F.I.,N,CIVIL,3513,3513,53.1,53.1,ST/X/OP,Y,1,
855,"UniversityInstituteofTechnologyBarkatullahUniversity,Bhopal
(1997)",,,S.F.I.,N,CSE,920,1047,75.9,75.1,UR/X/F,Y,2,
856,"UniversityInstituteofTechnologyBarkatullahUniversity,Bhopal
(1997)",,,S.F.I.,N,ELECTELEX,1257,1257,73.9,73.9,UR/X/F,Y,1,
857,"UniversityInstituteofTechnologyBarkatullahUniversity,Bhopal
(1997)",,,S.F.I.,N,IT,1508,2580,72.6,67.3,UR/X/F,Y,5,
858,"UniversityInstituteofTechnologyBarkatullahUniversity,Bhopal
(1997)",,,S.F.I.,N,CIVIL,1231,3156,74,62.8,UR/X/F,Y,5,
859,"UniversityInstituteofTechnologyBarkatullahUniversity,Bhopal
(1997)",,,S.F.I.,N,CSE,604,861,78.12,76.3,UR/X/OP,Y,5,
860,"UniversityInstituteofTechnologyBarkatullahUniversity,Bhopal
(1997)",,,S.F.I.,N,EC,1789,1789,71.4,71.4,UR/X/OP,Y,1,
861,"UniversityInstituteofTechnologyBarkatullahUniversity,Bhopal
(1997)",,,S.F.I.,N,IT,867,2865,76.3,65.4,UR/X/OP,Y,12,
862,"UniversityInstituteofTechnologyBarkatullahUniversity,Bhopal
(1997)",,,S.F.I.,N,CIVIL,504,3201,79.2,62.3,UR/X/OP,Y,13,
863,"UniversityInstituteofTechnologyBarkatullahUniversity,Bhopal
(1997)",,,S.F.I.,N,MECH,2309,3378,68.8,59.9,UR/X/OP,Y,8,

"*InURcategory,Othercategorycandidatesarealsoallotted",,,Page35of39,,,,,,,,,,,
"DIRECTORATEOFTECHNICALEDUCATION,MADHYAPRADESH",,,,,,,,,,,,,,
LATERALENTRYBTECH,,,,,,,,,,,,,,
OPENINGCLOSINGRANK-FIRSTROUND2026,,,,,,,,,,,,,,
BASEDONQUALIFYINGEXAM DATE:06.08.2026,,,,,,,,,,,,,,
S.No.,INST_NAME,,,INST_TYPE,FW,BRANCH,OPENING_RANK,CLOSING_RANK,OPENING_MERIT,CLOSING_MERIT,ALLOTTED_CATEGORY,DOMICILE,TOTAL_ALLOTTED,
864,"UniversityInstituteofTechnologyBarkatullahUniversity,Bhopal
(1997)",,,S.F.I.,N,ELECTELEX,1253,3456,73.9,57,UR/X/OP,Y,5,
865,"UniversityInstituteofTechnologyBarkatullahUniversity,Bhopal
(1997)",,,S.F.I.,N,IT,3016,3482,64.2,55.2,"UR/X/OP(After
Conversion)",Y,2,
866,"UniversityInstituteofTechnologyRGPV,Bhopal(1986)",,,S.F.I.,N,CSE,287,287,81.7,81.7,OBC/X/F,Y,1,
867,"UniversityInstituteofTechnologyRGPV,Bhopal(1986)",,,S.F.I.,N,CSE,323,323,81.1,81.1,OBC/X/OP,Y,1,
868,"UniversityInstituteofTechnologyRGPV,Bhopal(1986)",,,S.F.I.,N,IT,423,423,79.9,79.9,OBC/X/OP,Y,1,
869,"UniversityInstituteofTechnologyRGPV,Bhopal(1986)",,,S.F.I.,N,ELECTELEX,449,461,79.7,79.6,OBC/X/OP,Y,2,
870,"UniversityInstituteofTechnologyRGPV,Bhopal(1986)",,,S.F.I.,N,CIVIL,490,490,79.4,79.4,OBC/X/OP,Y,1,
871,"UniversityInstituteofTechnologyRGPV,Bhopal(1986)",,,S.F.I.,N,MECH,986,986,75.5,75.5,OBC/X/OP,Y,1,
872,"UniversityInstituteofTechnologyRGPV,Bhopal(1986)",,,S.F.I.,N,EC,1610,3379,72.2,59.9,OBC/X/OP,Y,6,
873,"UniversityInstituteofTechnologyRGPV,Bhopal(1986)",,,S.F.I.,N,CSE,1464,1464,72.8,72.8,SC/X/F,Y,1,
874,"UniversityInstituteofTechnologyRGPV,Bhopal(1986)",,,S.F.I.,N,CSE,829,829,76.5,76.5,SC/X/OP,Y,1,
875,"UniversityInstituteofTechnologyRGPV,Bhopal(1986)",,,S.F.I.,N,IT,891,901,76.1,76,SC/X/OP,Y,2,
876,"UniversityInstituteofTechnologyRGPV,Bhopal(1986)",,,S.F.I.,N,CIVIL,2397,2397,68.3,68.3,SC/X/OP,Y,1,
877,"UniversityInstituteofTechnologyRGPV,Bhopal(1986)",,,S.F.I.,N,MECH,2752,2752,66.2,66.2,SC/X/OP,Y,1,
878,"UniversityInstituteofTechnologyRGPV,Bhopal(1986)",,,S.F.I.,N,ELECTELEX,3173,3173,62.6,62.6,SC/X/OP,Y,1,
879,"UniversityInstituteofTechnologyRGPV,Bhopal(1986)",,,S.F.I.,N,CIVIL,727,727,77.2,77.2,ST/X/OP,Y,1,
880,"UniversityInstituteofTechnologyRGPV,Bhopal(1986)",,,S.F.I.,N,MECH,1749,1749,71.6,71.6,ST/X/OP,Y,1,
881,"UniversityInstituteofTechnologyRGPV,Bhopal(1986)",,,S.F.I.,N,CSE,692,1897,77.4,70.9,ST/X/OP,Y,2,
882,"UniversityInstituteofTechnologyRGPV,Bhopal(1986)",,,S.F.I.,N,CIVIL,47,47,87.9,87.9,UR/X/F,Y,1,
883,"UniversityInstituteofTechnologyRGPV,Bhopal(1986)",,,S.F.I.,N,CSE,70,96,86.9,85.6,UR/X/F,Y,2,
884,"UniversityInstituteofTechnologyRGPV,Bhopal(1986)",,,S.F.I.,N,IT,264,264,82.1,82.1,UR/X/F,Y,1,
885,"UniversityInstituteofTechnologyRGPV,Bhopal(1986)",,,S.F.I.,N,ELECTELEX,492,492,79.4,79.4,UR/X/F,Y,1,
886,"UniversityInstituteofTechnologyRGPV,Bhopal(1986)",,,S.F.I.,N,EC,475,2274,79.5,68.9,UR/X/F,Y,2,
887,"UniversityInstituteofTechnologyRGPV,Bhopal(1986)",,,S.F.I.,N,CSE,23,169,89.7,83.7,UR/X/OP,Y,4,
888,"UniversityInstituteofTechnologyRGPV,Bhopal(1986)",,,S.F.I.,N,IT,324,341,81.1,80.9,UR/X/OP,Y,2,
889,"UniversityInstituteofTechnologyRGPV,Bhopal(1986)",,,S.F.I.,N,ELECTELEX,94,390,85.7,80.3,UR/X/OP,Y,2,
890,"UniversityInstituteofTechnologyRGPV,Bhopal(1986)",,,S.F.I.,N,CIVIL,337,425,81,79.9,UR/X/OP,Y,2,
891,"UniversityInstituteofTechnologyRGPV,Bhopal(1986)",,,S.F.I.,N,MECH,237,904,82.5,76,UR/X/OP,Y,3,
892,"UniversityInstituteofTechnologyRGPV,Bhopal(1986)",,,S.F.I.,N,EC,361,1125,80.6,74.6,UR/X/OP,Y,4,
893,"UniversityInstituteofTechnologyRGPV,Bhopal(1986)",,,S.F.I.,N,AUTO,3118,3118,63.3,63.3,UR/X/OP,Y,1,
894,"UniversityInstituteofTechnologyRGPV,Bhopal(1986)",,,S.F.I.,N,PCT,836,3372,76.5,60,UR/X/OP,Y,4,
895,"UNIVERSITYINSTITUTEOFTECHNOLOGYRGPV,SHIVPURI",,,S.F.I.,N,CSE,1201,1338,74.2,73.4,OBC/X/OP,Y,2,
896,"UNIVERSITYINSTITUTEOFTECHNOLOGYRGPV,SHIVPURI",,,S.F.I.,N,CSE,2148,2148,69.6,69.6,SC/X/OP,Y,1,

"*InURcategory,Othercategorycandidatesarealsoallotted",,,Page36of39,,,,,,,,,,,
"DIRECTORATEOFTECHNICALEDUCATION,MADHYAPRADESH",,,,,,,,,,,,,,
LATERALENTRYBTECH,,,,,,,,,,,,,,
OPENINGCLOSINGRANK-FIRSTROUND2026,,,,,,,,,,,,,,
BASEDONQUALIFYINGEXAM DATE:06.08.2026,,,,,,,,,,,,,,
S.No.,INST_NAME,,,INST_TYPE,FW,BRANCH,OPENING_RANK,CLOSING_RANK,OPENING_MERIT,CLOSING_MERIT,ALLOTTED_CATEGORY,DOMICILE,TOTAL_ALLOTTED,
897,"UNIVERSITYINSTITUTEOFTECHNOLOGYRGPV,SHIVPURI",,,S.F.I.,N,CSE,919,919,75.9,75.9,UR/X/F,Y,1,
898,"UNIVERSITYINSTITUTEOFTECHNOLOGYRGPV,SHIVPURI",,,S.F.I.,N,CSE,903,1200,76,74.2,UR/X/OP,Y,2,
899,"UNIVERSITYINSTITUTEOFTECHNOLOGYRGPV,SHIVPURI",,,S.F.I.,N,MECH,2164,2769,69.5,66.1,UR/X/OP,Y,2,
900,"UNIVERSITYINSTITUTEOFTECHNOLOGYRGPV,SHIVPURI",,,S.F.I.,N,ELECTELEX,1525,3356,72.6,60.2,UR/X/OP,Y,6,
901,"UNIVERSITYINSTITUTEOFTECHNOLOGYRGPV,SHIVPURI",,,S.F.I.,N,CIVIL,3046,3493,64,54.6,UR/X/OP,Y,3,
902,"UNIVERSITYINSTITUTEOFTECHNOLOGY,SHAHDOL
(CONSTITUENTCOLLEGEOFRGPV)*(2015)",,,S.F.I.,N,MINING,81,81,86.3,86.3,EWS,Y,1,
903,"UNIVERSITYINSTITUTEOFTECHNOLOGY,SHAHDOL
(CONSTITUENTCOLLEGEOFRGPV)*(2015)",,,S.F.I.,N,MINING,228,228,82.6,82.6,OBC/X/OP,Y,1,
904,"UNIVERSITYINSTITUTEOFTECHNOLOGY,SHAHDOL
(CONSTITUENTCOLLEGEOFRGPV)*(2015)",,,S.F.I.,N,MECH,1963,1963,70.6,70.6,OBC/X/OP,Y,1,
905,"UNIVERSITYINSTITUTEOFTECHNOLOGY,SHAHDOL
(CONSTITUENTCOLLEGEOFRGPV)*(2015)",,,S.F.I.,N,MINING,376,376,80.4,80.4,SC/X/OP,Y,1,
906,"UNIVERSITYINSTITUTEOFTECHNOLOGY,SHAHDOL
(CONSTITUENTCOLLEGEOFRGPV)*(2015)",,,S.F.I.,N,MINING,1783,1783,71.4,71.4,ST/X/OP,Y,1,
907,"UNIVERSITYINSTITUTEOFTECHNOLOGY,SHAHDOL
(CONSTITUENTCOLLEGEOFRGPV)*(2015)",,,S.F.I.,N,MECH,2425,2812,68.1,65.8,ST/X/OP,Y,2,
908,"UNIVERSITYINSTITUTEOFTECHNOLOGY,SHAHDOL
(CONSTITUENTCOLLEGEOFRGPV)*(2015)",,,S.F.I.,N,MINING,782,782,76.8,76.8,UR/X/F,Y,1,
909,"UNIVERSITYINSTITUTEOFTECHNOLOGY,SHAHDOL
(CONSTITUENTCOLLEGEOFRGPV)*(2015)",,,S.F.I.,N,MECH,1701,1701,71.7,71.7,UR/X/F,Y,1,
910,"UNIVERSITYINSTITUTEOFTECHNOLOGY,SHAHDOL
(CONSTITUENTCOLLEGEOFRGPV)*(2015)",,,S.F.I.,N,MINING,83,186,86.2,83.33,UR/X/OP,Y,2,
911,"UNIVERSITYINSTITUTEOFTECHNOLOGY,SHAHDOL
(CONSTITUENTCOLLEGEOFRGPV)*(2015)",,,S.F.I.,N,MECH,657,1718,77.7,71.7,UR/X/OP,Y,2,
912,"VaishnaviInstitutesofTechnologyandScience,Raisen (2010)",,,private,N,MECH,3505,3505,53.9,53.9,SC/X/OP,,1,
913,"VaishnaviInstitutesofTechnologyandScience,Raisen (2010)",,,private,N,EE,2450,3076,68,63.7,UR/X/OP,,2,
914,"VaishnaviInstitutesofTechnologyandScience,Raisen (2010)",,,private,N,CIVIL,1138,3154,74.5,62.8,UR/X/OP,,3,
915,"VaishnaviInstitutesofTechnologyandScience,Raisen (2010)",,,private,N,MECH,1967,3484,70.56,55.1,UR/X/OP,,4,
916,"VidhyapeethInstitute ofScience&Technology,Bhopal(2009)",,,Private,N,ELECTELEX,3401,3401,59.28,59.28,SC/X/OP,,1,
917,"VidhyapeethInstitute ofScience&Technology,Bhopal(2009)",,,Private,N,CSEIML,877,877,76.19,76.19,UR/X/OP,,1,
918,"VidhyapeethInstitute ofScience&Technology,Bhopal(2009)",,,Private,N,ELECTELEX,125,1761,84.7,71.51,UR/X/OP,,30,

"*InURcategory,Othercategorycandidatesarealsoallotted",,,Page37of39,,,,,,,,,,,
"DIRECTORATEOFTECHNICALEDUCATION,MADHYAPRADESH",,,,,,,,,,,,,,
LATERALENTRYBTECH,,,,,,,,,,,,,,
OPENINGCLOSINGRANK-FIRSTROUND2026,,,,,,,,,,,,,,
BASEDONQUALIFYINGEXAM DATE:06.08.2026,,,,,,,,,,,,,,
S.No.,INST_NAME,,,INST_TYPE,FW,BRANCH,OPENING_RANK,CLOSING_RANK,OPENING_MERIT,CLOSING_MERIT,ALLOTTED_CATEGORY,DOMICILE,TOTAL_ALLOTTED,
919,"VidhyapeethInstitute ofScience&Technology,Bhopal(2009)",,,private,N,CIVIL,178,2003,83.56,70.3,UR/X/OP,,27,
920,"VidhyapeethInstitute ofScience&Technology,Bhopal(2009)",,,Private,N,CSE,1242,3500,73.92,54.38,UR/X/OP,,6,
921,"VidhyapeethInstitute ofScience&Technology,Bhopal(2009)",,,private,N,MECH,371,3518,80.49,52.53,UR/X/OP,,34,
922,"VidhyapeethInstitute ofScience&Technology,Bhopal(2009)",,,Private,N,EC,153,3532,84.1,49.67,UR/X/OP,,8,
923,"VidhyapeethInstitute ofScience&Technology,Bhopal(2009)",,,private,N,CIVIL,2101,3405,69.82,59.15,"UR/X/OP(After
Conversion)",,23,
924,"VidhyapeethInstitute ofScience&Technology,Bhopal(2009)",,,Private,N,ELECTELEX,1825,3510,71.29,53.3,"UR/X/OP(After
Conversion)",,14,
925,VikrantInstituteofTechnology&ManagementIndore(2007),,,Private,N,ELECTELEX,639,639,77.9,77.9,UR/X/OP,,1,
926,Vikrant InstituteofTechnology&ManagementIndore(2007),,,Private,N,MECH,1434,1434,72.9,72.9,UR/X/OP,,1,
927,Vikrant InstituteofTechnology&ManagementIndore(2007),,,Private,N,CSE,1854,2966,71.11,64.6,UR/X/OP,,2,
928,Vikrant InstituteofTechnology&ManagementIndore(2007),,,Private,N,FTS,3530,3530,50.88,50.88,UR/X/OP,,1,
929,"VINDHYAINSTITUTEOFTECHNOLOGY&SCIENCE,SATNA
(2002)",,,Private,N,EE,2681,2681,66.7,66.7,EWS,,1,
930,"VINDHYAINSTITUTEOFTECHNOLOGY&SCIENCE,SATNA
(2002)",,,Private,N,EE,2221,3529,69.2,50.9,OBC/X/OP,,7,
931,"VINDHYAINSTITUTEOFTECHNOLOGY&SCIENCE,SATNA
(2002)",,,Private,N,CSE,2727,2727,66.4,66.4,SC/X/OP,,1,
932,"VINDHYAINSTITUTEOFTECHNOLOGY&SCIENCE,SATNA
(2002)",,,Private,N,EE,2862,2862,65.41,65.41,SC/X/OP,,1,
933,"VINDHYAINSTITUTEOFTECHNOLOGY&SCIENCE,SATNA
(2002)",,,Private,N,CSE,322,1499,81.1,72.7,UR/X/OP,,6,
934,"VINDHYAINSTITUTEOFTECHNOLOGY&SCIENCE,SATNA
(2002)",,,Private,N,EE,192,2217,83.2,69.2,UR/X/OP,,14,
935,"VINDHYAINSTITUTEOFTECHNOLOGY&SCIENCE,SATNA
(2002)",,,Private,N,MECH,958,3515,75.6,53,UR/X/OP,,4,
936,"VINDHYAINSTITUTEOFTECHNOLOGY&SCIENCE,SATNA
(2002)",,,Private,N,EE,2855,2855,65.5,65.5,"UR/X/OP(After
Conversion)",,1,
937,"VINDHYAINSTITUTEOFTECHNOLOGY&SCIENCE,SATNA
(2002)",,,Private,N,CSE,1713,3521,71.7,52.2,"UR/X/OP(After
Conversion)",,5,
938,"VNSGROUPOFINSTITUTIONS,BHOPAL (2006)",,,Private,N,ELECTELEX,2269,3121,68.9,63.2,OBC/X/OP,,6,
939,"VNSGROUPOFINSTITUTIONS,BHOPAL (2006)",,,Private,N,CIVIL,3180,3180,62.5,62.5,OBC/X/OP,,1,
940,"VNSGROUPOFINSTITUTIONS,BHOPAL (2006)",,,Private,N,ELECTELEX,3005,3005,64.3,64.3,SC/X/OP,,1,
941,"VNSGROUPOFINSTITUTIONS,BHOPAL (2006)",,,Private,N,ELECTELEX,2602,2602,67.1,67.1,ST/X/OP,,1,
942,"VNSGROUPOFINSTITUTIONS,BHOPAL (2006)",,,Private,N,CIVIL,3019,3418,64.2,58.7,ST/X/OP,,4,

"*InURcategory,Othercategorycandidatesarealsoallotted",,,Page38of39,,,,,,,,,,,
"DIRECTORATEOFTECHNICALEDUCATION,MADHYAPRADESH",,,,,,,,,,,,,,
LATERALENTRYBTECH,,,,,,,,,,,,,,
OPENINGCLOSINGRANK-FIRSTROUND2026,,,,,,,,,,,,,,
BASEDONQUALIFYINGEXAM DATE:06.08.2026,,,,,,,,,,,,,,
S.No.,INST_NAME,,,INST_TYPE,FW,BRANCH,OPENING_RANK,CLOSING_RANK,OPENING_MERIT,CLOSING_MERIT,ALLOTTED_CATEGORY,DOMICILE,TOTAL_ALLOTTED,
943,"VNSGROUPOFINSTITUTIONS,BHOPAL (2006)",,,Private,N,EC,551,554,78.68,78.6,UR/X/OP,,2,
944,"VNSGROUPOFINSTITUTIONS,BHOPAL (2006)",,,Private,N,ELECTELEX,48,2155,87.8,69.52,UR/X/OP,,27,
945,"VNSGROUPOFINSTITUTIONS,BHOPAL (2006)",,,Private,N,CIVIL,163,2725,83.7,66.4,UR/X/OP,,22,
946,"VNSGROUPOFINSTITUTIONS,BHOPAL (2006)",,,Private,N,CSE,270,2946,81.96,64.76,UR/X/OP,,16,
947,"VNSGROUPOFINSTITUTIONS,BHOPAL (2006)",,,Private,N,MECH,155,3441,83.9,57.83,UR/X/OP,,20,
948,"VNSGROUPOFINSTITUTIONS,BHOPAL (2006)",,,Private,N,MINING,248,3536,82.3,45,UR/X/OP,,8,
949,"VNSGROUPOFINSTITUTIONS,BHOPAL (2006)",,,Private,N,CIVIL,3284,3284,61.3,61.3,"UR/X/OP(After
Conversion)",,1,
950,"VNSGROUPOFINSTITUTIONS,BHOPAL (2006)",,,Private,N,ELECTELEX,2297,3392,68.83,59.5,"UR/X/OP(After
Conversion)",,14,

"*InURcategory,Othercategorycandidatesarealsoallotted",,,Page39of39,,,,,,,,,,,
