1,Acropolis Institute of Technology & Research Indore (2005),Private,CSE,DIPPPT,2088,2909,OBC/X/OP,Y,4,2026
2,Acropolis Institute of Technology & Research Indore (2005),Private,MECH,DIPPPT,3134,3134,OBC/X/OP,Y,1,2026
3,Acropolis Institute of Technology & Research Indore (2005),Private,CSE,DIPPPT,3481,3481,SC/X/OP,Y,1,2026
4,Acropolis Institute of Technology & Research Indore (2005),Private,EC,DIPPPT,112,112,UR/X/OP,N,1,2026
5,Acropolis Institute of Technology & Research Indore (2005),Private,CSE,DIPPPT,528,1653,UR/X/OP,N,12,2026
6,Acropolis Institute of Technology & Research Indore (2005),Private,CIVIL,DIPPPT,1371,1774,UR/X/OP,N,2,2026
7,Acropolis Institute of Technology & Research Indore (2005),Private,IT,DIPPPT,2376,2435,UR/X/OP,N,2,2026
8,Acropolis Institute of Technology & Research Indore (2005),Private,MECH,DIPPPT,1594,2774,UR/X/OP,N,3,2026
9,Acropolis Institute of Technology & Research Indore (2005),Private,CSEITCS,DIPPPT,2556,3140,UR/X/OP,N,2,2026
10,Acropolis Institute of Technology & Research Indore (2005),Private,CSEIML,DIPPPT,694,3210,UR/X/OP,N,5,2026
11,Acropolis Institute of Technology & Research Indore (2005),Private,CSECS,DIPPPT,1690,3341,UR/X/OP,N,3,2026
12,Acropolis Institute of Technology & Research Indore (2005),Private,CSE,DIPPPT,1815,2541,UR/X/OP,N,7,2026
13,ADINA INSTITUTE OF SCIENCE & TECHNOLOGY SAGAR (2009),Private,ELECT ELEX,DIPPPT,962,962,UR/X/OP,N,1,2026
14,ADINA INSTITUTE OF SCIENCE & TECHNOLOGY SAGAR (2009),Private,CSE,DIPPPT,3055,3055,UR/X/OP,N,1,2026
15,Aditya College of Technology & Science Satna (2007),Private,FTS,DIPPPT,602,1950,UR/X/OP,N,3,2026
16,Aditya College of Technology & Science Satna (2007),Private,CSE,DIPPPT,1398,2165,UR/X/OP,N,2,2026
17,Aditya College of Technology & Science Satna (2007),Private,CIVIL,DIPPPT,333,3415,UR/X/OP,N,3,2026
18,Aditya College of Technology & Science Satna (2007),Private,AIML,DIPPPT,257,3489,UR/X/OP,N,2,2026
19,Aditya College of Technology & Science Satna (2007),Private,MINING,DIPPPT,82,3520,UR/X/OP,N,19,2026
20,Aditya College of Technology & Science Satna (2007),Private,MECH,DIPPPT,274,3523,UR/X/OP,N,7,2026
21,Aditya College of Technology & Science Satna (2007),Private,ELECT ELEX,DIPPPT,253,3535,UR/X/OP,N,9,2026
22,All Saints College of Technology Bhopal (2002),Private,ELECT ELEX,DIPPPT,30,1003,UR/X/OP,N,20,2026
23,All Saints College of Technology Bhopal (2002),Private,CIVIL,DIPPPT,4,2641,UR/X/OP,N,57,2026
24,All Saints College of Technology Bhopal (2002),Private,EC,DIPPPT,197,2886,UR/X/OP,N,4,2026
25,All Saints College of Technology Bhopal (2002),Private,MECH,DIPPPT,100,3252,UR/X/OP,N,24,2026
26,All Saints College of Technology Bhopal (2002),Private,CSE,DIPPPT,20,3390,UR/X/OP,N,10,2026
27,All Saints College of Technology Bhopal (2002),Private,ELECT ELEX,DIPPPT,1259,3351,UR/X/OP,N,19,2026
28,All Saints College of Technology Bhopal (2002),Private,CIVIL,DIPPPT,2777,3519,UR/X/OP,N,8,2026
29,Alpine Institute of Technology Ujjain (2007),Private,EE,DIPPPT,203,2176,UR/X/OP,N,2,2026
30,Alpine Institute of Technology Ujjain (2007),Private,CSE,DIPPPT,2977,2977,UR/X/OP,N,1,2026
31,"Annie Institute of Technology and Research Centre, Chhindwara (2013)",Private,MECH,DIPPPT,1412,1412,UR/X/OP,N,1,2026
32,"Annie Institute of Technology and Research Centre, Chhindwara (2013)",Private,CSE,DIPPPT,1382,2770,UR/X/OP,N,3,2026
33,"Annie Institute of Technology and Research Centre, Chhindwara (2013)",Private,EC,DIPPPT,3279,3279,UR/X/OP,N,1,2026
34,"Annie Institute of Technology and Research Centre, Chhindwara (2013)",Private,CIVIL,DIPPPT,420,3506,UR/X/OP,N,3,2026
35,Astral Institute of Technology & Research Indore (2006),Private,MECH,DIPPPT,1500,2669,UR/X/OP,N,3,2026
36,Astral Institute of Technology & Research Indore (2006),Private,CSE,DIPPPT,1010,3187,UR/X/OP,N,2,2026
37,Astral Institute of Technology & Research Indore (2006),Private,CIVIL,DIPPPT,2786,3425,UR/X/OP,N,2,2026
38,Babulal Tarabai Institute of Research & Technology Sagar (2008),Private,EC,DIPPPT,1479,1479,UR/X/OP,N,1,2026
39,Babulal Tarabai Institute of Research & Technology Sagar (2008),Private,ELECT ELEX,DIPPPT,754,2426,UR/X/OP,N,3,2026
40,Babulal Tarabai Institute of Research & Technology Sagar (2008),Private,CSE,DIPPPT,965,2469,UR/X/OP,N,2,2026
41,Babulal Tarabai Institute of Research & Technology Sagar (2008),Private,MECH,DIPPPT,2605,2605,UR/X/OP,N,1,2026
42,Babulal Tarabai Institute of Research & Technology Sagar (2008),Private,CSEIML,DIPPPT,1943,3436,UR/X/OP,N,2,2026
43,"BADERIAGLOBALINSTITUTEOFENGINEERING & amp; MANAGEMENT, JABALPUR",Private,MECH,DIPPPT,3271,3271,OBC/X/OP,Y,1,2026
44,"BADERIAGLOBALINSTITUTEOFENGINEERING & amp; MANAGEMENT, JABALPUR",Private,CSEDS,DIPPPT,2239,2239,UR/X/OP,N,1,2026
45,"BADERIAGLOBALINSTITUTEOFENGINEERING & amp; MANAGEMENT, JABALPUR",Private,CIVIL,DIPPPT,2342,2342,UR/X/OP,N,1,2026
46,"BADERIAGLOBALINSTITUTEOFENGINEERING & amp; MANAGEMENT, JABALPUR",Private,CSEITCS,DIPPPT,2968,2968,UR/X/OP,N,1,2026
47,"BADERIAGLOBALINSTITUTEOFENGINEERING & amp; MANAGEMENT, JABALPUR",Private,MECH,DIPPPT,3034,3034,UR/X/OP,N,1,2026
48,"BADERIAGLOBALINSTITUTEOFENGINEERING & amp; MANAGEMENT, JABALPUR",Private,CSEIML,DIPPPT,906,3208,UR/X/OP,N,4,2026
49,"BADERIAGLOBALINSTITUTEOFENGINEERING & amp; MANAGEMENT, JABALPUR",Private,CSE,DIPPPT,3169,3297,UR/X/OP,N,2,2026
50,Bansal College of Engineering Obedullaganj Raisen (2002),Private,MECH,DIPPPT,2601,2601,OBC/X/OP,Y,1,2026
51,Bansal College of Engineering Obedullaganj Raisen (2002),Private,MECH,DIPPPT,2111,2111,UR/X/OP,N,1,2026
52,Bansal College of Engineering Obedullaganj Raisen (2002),Private,ELECT ELEX,DIPPPT,374,2124,UR/X/OP,N,2,2026
53,Bansal College of Engineering Obedullaganj Raisen (2002),Private,EC,DIPPPT,2433,2433,UR/X/OP,N,1,2026
54,Bansal College of Engineering Obedullaganj Raisen (2002),Private,CIVIL,DIPPPT,918,2689,UR/X/OP,N,5,2026
55,Bansal College of Engineering Obedullaganj Raisen (2002),Private,CSE,DIPPPT,175,3095,UR/X/OP,N,4,2026
56,Bansal College of Engineering Obedullaganj Raisen (2002),Private,CSEIML,DIPPPT,1810,3209,UR/X/OP,N,3,2026
57,Bansal Institute of Research & Technology Bhopal (2007),Private,EC,DIPPPT,2809,2809,OBC/X/OP,Y,1,2026
58,Bansal Institute of Research & Technology Bhopal (2007),Private,CSE,DIPPPT,1742,3226,OBC/X/OP,Y,6,2026
59,Bansal Institute of Research & Technology Bhopal (2007),Private,MECH,DIPPPT,3347,3347,OBC/X/OP,Y,1,2026
60,Bansal Institute of Research & Technology Bhopal (2007),Private,ELECT ELEX,DIPPPT,3384,3384,OBC/X/OP,Y,1,2026
61,Bansal Institute of Research & Technology Bhopal (2007),Private,CSE,DIPPPT,2260,2979,SC/X/OP,Y,2,2026
62,Bansal Institute of Research & Technology Bhopal (2007),Private,ELECT ELEX,DIPPPT,3490,3490,SC/X/OP,Y,1,2026
63,Bansal Institute of Research & Technology Bhopal (2007),Private,EC,DIPPPT,477,477,UR/X/OP,N,1,2026
64,Bansal Institute of Research & Technology Bhopal (2007),Private,CSE,DIPPPT,649,1709,UR/X/OP,N,10,2026
65,Bansal Institute of Research & Technology Bhopal (2007),Private,ELECT ELEX,DIPPPT,2458,2458,UR/X/OP,N,1,2026
66,Bansal Institute of Research & Technology Bhopal (2007),Private,MECH,DIPPPT,2324,2996,UR/X/OP,N,2,2026
67,Bansal Institute of Research & Technology Bhopal (2007),Private,EC,DIPPPT,642,642,UR/X/OP,N,1,2026
68,Bansal Institute of Research Technology & Science Bhopal (2008),Private,CSEIML,DIPPPT,1520,2750,OBC/X/OP,Y,2,2026
69,Bansal Institute of Research Technology & Science Bhopal (2008),Private,CSEIML,DIPPPT,405,1234,UR/X/OP,N,3,2026
70,Bansal Institute of Research Technology & Science Bhopal (2008),Private,CSE,DIPPPT,940,2870,UR/X/OP,N,6,2026
71,Bansal Institute of Research Technology & Science Bhopal (2008),Private,CSEIML,DIPPPT,3294,3294,UR/X/OP,N,1,2026
72,Bansal Institute of Science & Technology Bhopal (2000),Private,CSE,DIPPPT,2263,2263,UR/X/OP,N,1,2026
73,Bansal Institute of Science & Technology Bhopal (2000),Private,MECH,DIPPPT,1337,2662,OBC/X/OP,Y,2,2026
74,Bansal Institute of Science & Technology Bhopal (2000),Private,EC,DIPPPT,1702,2714,OBC/X/OP,Y,2,2026
75,Bansal Institute of Science & Technology Bhopal (2000),Private,ELECT ELEX,DIPPPT,3468,3468,ST/X/OP,Y,1,2026
76,Bansal Institute of Science & Technology Bhopal (2000),Private,MECH,DIPPPT,5,5,UR/X/OP,N,1,2026
77,Bansal Institute of Science & Technology Bhopal (2000),Private,CIVIL,DIPPPT,384,455,UR/X/OP,N,2,2026
78,Bansal Institute of Science & Technology Bhopal (2000),Private,EC,DIPPPT,1280,1280,UR/X/OP,N,1,2026
79,Bansal Institute of Science & Technology Bhopal (2000),Private,CSE,DIPPPT,1821,1821,UR/X/OP,N,1,2026
80,Bansal Institute of Science & Technology Bhopal (2000),Private,CSEIML,DIPPPT,1994,1994,UR/X/OP,N,1,2026
81,Bansal Institute of Science & Technology Bhopal (2000),Private,IT,DIPPPT,2098,3042,UR/X/OP,N,2,2026
82,Bansal Institute of Science & Technology Bhopal (2000),Private,ELECT ELEX,DIPPPT,2386,3407,UR/X/OP,N,2,2026
83,Bansal Institute of Science & Technology Bhopal (2000),Private,CIVIL,DIPPPT,2063,2063,UR/X/OP,N,1,2026
84,Bethesda Institute of Technology and Science Gwalior (2011),Private,EC,DIPPPT,1609,1609,UR/X/OP,N,1,2026
85,Bethesda Institute of Technology and Science Gwalior (2011),Private,CSE,DIPPPT,302,1657,UR/X/OP,N,2,2026
86,Bethesda Institute of Technology and Science Gwalior (2011),Private,MECH,DIPPPT,157,3416,UR/X/OP,N,16,2026
87,Bethesda Institute of Technology and Science Gwalior (2011),Private,ELECT ELEX,DIPPPT,538,3498,UR/X/OP,N,14,2026
88,Bethesda Institute of Technology and Science Gwalior (2011),Private,CIVIL,DIPPPT,567,3533,UR/X/OP,N,7,2026
89,BHOPAL INSTITUTE OF TECHNOLOGY & SCIENCE BHOPAL (2002),Private,CSE,DIPPPT,789,789,UR/X/OP,N,1,2026
90,BHOPAL INSTITUTE OF TECHNOLOGY & SCIENCE BHOPAL (2002),Private,CIVIL,DIPPPT,1172,2633,UR/X/OP,N,6,2026
91,BHOPAL INSTITUTE OF TECHNOLOGY & SCIENCE BHOPAL (2002),Private,MECH,DIPPPT,2099,3170,UR/X/OP,N,3,2026
92,BHOPAL INSTITUTE OF TECHNOLOGY & SCIENCE BHOPAL (2002),Private,ELECT ELEX,DIPPPT,1414,3422,UR/X/OP,N,9,2026
93,BHOPAL INSTITUTE OF TECHNOLOGY BHOPAL (2007),Private,EC,DIPPPT,515,1736,UR/X/OP,N,3,2026
94,BHOPAL INSTITUTE OF TECHNOLOGY BHOPAL (2007),Private,ELECT ELEX,DIPPPT,566,2114,UR/X/OP,N,9,2026
95,BHOPAL INSTITUTE OF TECHNOLOGY BHOPAL (2007),Private,CSE,DIPPPT,290,3075,UR/X/OP,N,9,2026
96,BHOPAL INSTITUTE OF TECHNOLOGY BHOPAL (2007),Private,MECH,DIPPPT,13,3371,UR/X/OP,N,9,2026
97,Chameli Devi Group of Institutions Indore (2006),Private,MECH,DIPPPT,2366,2366,OBC/X/OP,Y,1,2026
98,Chameli Devi Group of Institutions Indore (2006),Private,CIVIL,DIPPPT,3113,3113,ST/X/OP,Y,1,2026
99,Chameli Devi Group of Institutions Indore (2006),Private,MECH,DIPPPT,2219,2219,UR/X/OP,N,1,2026
100,Chameli Devi Group of Institutions Indore (2006),Private,CSEIML,DIPPPT,1484,2395,UR/X/OP,N,4,2026
101,Chameli Devi Group of Institutions Indore (2006),Private,CIVIL,DIPPPT,875,3004,UR/X/OP,N,2,2026
102,Chameli Devi Group of Institutions Indore (2006),Private,CSE,DIPPPT,1237,3244,UR/X/OP,N,4,2026
103,Chameli Devi Group of Institutions Indore (2006),Private,IT,DIPPPT,3273,3273,UR/X/OP,N,1,2026
104,Corporate Institute of Science & Technology Bhopal (2008),Private,CIVIL,DIPPPT,2517,2517,OBC/X/OP,Y,1,2026
105,Corporate Institute of Science & Technology Bhopal (2008),Private,CSEIML,DIPPPT,909,909,UR/X/OP,N,1,2026
106,Corporate Institute of Science & Technology Bhopal (2008),Private,CIVIL,DIPPPT,9,1604,UR/X/OP,N,20,2026
107,Corporate Institute of Science & Technology Bhopal (2008),Private,EC,DIPPPT,1752,1752,UR/X/OP,N,1,2026
108,Corporate Institute of Science & Technology Bhopal (2008),Private,ELECT ELEX,DIPPPT,191,2642,UR/X/OP,N,8,2026
109,Corporate Institute of Science & Technology Bhopal (2008),Private,MECH,DIPPPT,171,2796,UR/X/OP,N,13,2026
110,Corporate Institute of Science & Technology Bhopal (2008),Private,CSE,DIPPPT,603,3040,UR/X/OP,N,5,2026
111,Corporate Institute of Science & Technology Bhopal (2008),Private,CIVIL,DIPPPT,1722,3463,UR/X/OP,N,12,2026
112,DR. A.P.J. ABDUL KALAM UIT JHABUA,S.F.I.,CSE,DIPPPT,1221,2401,UR/X/F,Y,4,2026
113,DR. A.P.J. ABDUL KALAM UIT JHABUA,S.F.I.,CSE,DIPPPT,2222,3090,UR/X/OP,Y,4,2026
114,DR. BHAGAT SINGH RAI INSTITUTE OF TECHNOLOGY SEONI,Private,MECH,DIPPPT,3467,3467,UR/X/OP,N,1,2026
115,Guru Ramdas Khalsa Institute of Science & Technology Jabalpur (1997),Private,ELECT ELEX,DIPPPT,1136,1136,UR/X/OP,N,1,2026
116,Guru Ramdas Khalsa Institute of Science & Technology Jabalpur (1997),Private,CSE,DIPPPT,1661,1720,UR/X/OP,N,2,2026
117,Gwalior Institute of Information Technology Gwalior (2008),Private,CSE,DIPPPT,158,1249,UR/X/OP,N,5,2026
118,Gwalior Institute of Information Technology Gwalior (2008),Private,EC,DIPPPT,53,3307,UR/X/OP,N,5,2026
119,Gwalior Institute of Information Technology Gwalior (2008),Private,MECH,DIPPPT,201,3399,UR/X/OP,N,12,2026
120,Gwalior Institute of Information Technology Gwalior (2008),Private,CIVIL,DIPPPT,67,3464,UR/X/OP,N,26,2026
121,Gwalior Institute of Information Technology Gwalior (2008),Private,CIVIL,DIPPPT,3524,3526,UR/X/OP,N,2,2026
122,Gyan Ganga College of Technology Jabalpur (2006),Private,CSE,DIPPPT,2836,3370,UR/X/OP,N,4,2026
123,GYAN GANGA INSTITUTE OF TECHNOLOGY & SCIENCE JABALPUR (2003),Private,ELECT ELEX,DIPPPT,2374,2753,OBC/X/OP,Y,3,2026
124,GYAN GANGA INSTITUTE OF TECHNOLOGY & SCIENCE JABALPUR (2003),Private,ELECT ELEX,DIPPPT,2799,2799,SC/X/OP,Y,1,2026
125,GYAN GANGA INSTITUTE OF TECHNOLOGY & SCIENCE JABALPUR (2003),Private,EE,DIPPPT,565,1859,UR/X/OP,N,4,2026
126,GYAN GANGA INSTITUTE OF TECHNOLOGY & SCIENCE JABALPUR (2003),Private,ELECT ELEX,DIPPPT,1377,2022,UR/X/OP,N,4,2026
127,GYAN GANGA INSTITUTE OF TECHNOLOGY & SCIENCE JABALPUR (2003),Private,CSE,DIPPPT,79,2978,UR/X/OP,N,8,2026
128,GYAN GANGA INSTITUTE OF TECHNOLOGY & SCIENCE JABALPUR (2003),Private,EC,DIPPPT,564,3304,UR/X/OP,N,2,2026
129,GYAN GANGA INSTITUTE OF TECHNOLOGY & SCIENCE JABALPUR (2003),Private,CIVIL,DIPPPT,19,3449,UR/X/OP,N,5,2026
130,GYAN GANGA INSTITUTE OF TECHNOLOGY & SCIENCE JABALPUR (2003),Private,CSEIML,DIPPPT,1056,3466,UR/X/OP,N,4,2026
131,GYAN GANGA INSTITUTE OF TECHNOLOGY & SCIENCE JABALPUR (2003),Private,MECH,DIPPPT,1317,3511,UR/X/OP,N,5,2026
132,"Gyan Sagar College of Engineering, Sagar (2009)",Private,ELECT ELEX,DIPPPT,1076,1076,UR/X/OP,N,1,2026
133,"Gyan Sagar College of Engineering, Sagar (2009)",Private,CIVIL,DIPPPT,2523,2523,UR/X/OP,N,1,2026
134,Hitkarni College of Engineering & Technology Jabalpur (1997),Private,ELECT ELEX,DIPPPT,2623,3397,OBC/X/OP,Y,10,2026
135,Hitkarni College of Engineering & Technology Jabalpur (1997),Private,MECH,DIPPPT,3203,3512,OBC/X/OP,Y,5,2026
136,Hitkarni College of Engineering & Technology Jabalpur (1997),Private,ELECT ELEX,DIPPPT,2493,3248,SC/X/OP,Y,3,2026
137,Hitkarni College of Engineering & Technology Jabalpur (1997),Private,ELECT ELEX,DIPPPT,2308,2308,ST/X/OP,Y,1,2026
138,Hitkarni College of Engineering & Technology Jabalpur (1997),Private,ELECT ELEX,DIPPPT,26,2251,UR/X/OP,N,29,2026
139,Hitkarni College of Engineering & Technology Jabalpur (1997),Private,CSE,DIPPPT,1246,2411,UR/X/OP,N,6,2026
140,Hitkarni College of Engineering & Technology Jabalpur (1997),Private,CSEIML,DIPPPT,2567,2739,UR/X/OP,N,2,2026
141,Hitkarni College of Engineering & Technology Jabalpur (1997),Private,CSEDS,DIPPPT,2826,2826,UR/X/OP,N,1,2026
142,Hitkarni College of Engineering & Technology Jabalpur (1997),Private,IT,DIPPPT,2499,2963,UR/X/OP,N,2,2026
143,Hitkarni College of Engineering & Technology Jabalpur (1997),Private,MECH,DIPPPT,625,3022,UR/X/OP,N,23,2026
144,Hitkarni College of Engineering & Technology Jabalpur (1997),Private,EC,DIPPPT,1582,3381,UR/X/OP,N,6,2026
145,Hitkarni College of Engineering & Technology Jabalpur (1997),Private,CIVIL,DIPPPT,766,3487,UR/X/OP,N,15,2026
146,Hitkarni College of Engineering & Technology Jabalpur (1997),Private,MECH,DIPPPT,3064,3064,UR/X/OP,N,1,2026
147,Hitkarni College of Engineering & Technology Jabalpur (1997),Private,ELECT ELEX,DIPPPT,2352,3458,UR/X/OP,N,11,2026
148,IES COLLEGE OF TECHNOLOGY BHOPAL (2007),Private,CSEIML,DIPPPT,842,842,UR/X/OP,N,1,2026
149,IES COLLEGE OF TECHNOLOGY BHOPAL (2007),Private,EC,DIPPPT,878,878,UR/X/OP,N,1,2026
150,IES COLLEGE OF TECHNOLOGY BHOPAL (2007),Private,CSE,DIPPPT,15,934,UR/X/OP,N,5,2026
151,IES COLLEGE OF TECHNOLOGY BHOPAL (2007),Private,AIAIDS,DIPPPT,1497,1497,UR/X/OP,N,1,2026
152,IES COLLEGE OF TECHNOLOGY BHOPAL (2007),Private,CIVIL,DIPPPT,3408,3408,UR/X/OP,N,1,2026
153,Indira Gandhi Engineering College Sagar (IGEC) (1981),GOVT,EC,DIPPPT,1643,1643,UR/X/OP,Y,1,2026
154,Indira Gandhi Engineering College Sagar (IGEC) (1981),GOVT,CIVIL,DIPPPT,2084,2084,OBC/X/OP,Y,1,2026
155,Indira Gandhi Engineering College Sagar (IGEC) (1981),GOVT,IT,DIPPPT,2237,2237,OBC/X/OP,Y,1,2026
156,Indira Gandhi Engineering College Sagar (IGEC) (1981),GOVT,EE,DIPPPT,2284,2284,OBC/X/OP,Y,1,2026
157,Indira Gandhi Engineering College Sagar (IGEC) (1981),GOVT,CIVIL,DIPPPT,1491,1491,SC/X/OP,Y,1,2026
158,Indira Gandhi Engineering College Sagar (IGEC) (1981),GOVT,IT,DIPPPT,1615,3448,SC/X/OP,Y,2,2026
159,Indira Gandhi Engineering College Sagar (IGEC) (1981),GOVT,EE,DIPPPT,1184,1465,ST/X/OP,Y,2,2026
160,Indira Gandhi Engineering College Sagar (IGEC) (1981),GOVT,CIVIL,DIPPPT,2025,2025,ST/X/OP,Y,1,2026
161,Indira Gandhi Engineering College Sagar (IGEC) (1981),GOVT,EE,DIPPPT,364,364,UR/X/F,Y,1,2026
162,Indira Gandhi Engineering College Sagar (IGEC) (1981),GOVT,CIVIL,DIPPPT,1166,1166,UR/X/F,Y,1,2026
163,Indira Gandhi Engineering College Sagar (IGEC) (1981),GOVT,IT,DIPPPT,1540,1540,UR/X/F,Y,1,2026
164,Indira Gandhi Engineering College Sagar (IGEC) (1981),GOVT,EE,DIPPPT,830,1083,UR/X/OP,Y,2,2026
165,Indira Gandhi Engineering College Sagar (IGEC) (1981),GOVT,IT,DIPPPT,1104,1137,UR/X/OP,Y,2,2026
166,Indira Gandhi Engineering College Sagar (IGEC) (1981),GOVT,CIVIL,DIPPPT,864,1341,UR/X/OP,Y,2,2026
167,Indira Gandhi Engineering College Sagar (IGEC) (1981),GOVT,MECH,DIPPPT,3177,3403,UR/X/OP,Y,4,2026
168,Indore Institute of Science & Technology Indore (2003),Private,AIML,DIPPPT,1292,1292,UR/X/OP,N,1,2026
169,Indore Institute of Science & Technology Indore (2003),Private,CSE,DIPPPT,25,3435,UR/X/OP,N,15,2026
170,Infinity Management & Engineering College Sagar (2008),Private,CIVIL,DIPPPT,2903,3238,UR/X/OP,N,2,2026
171,Infinity Management & Engineering College Sagar (2008),Private,MECH,DIPPPT,679,3377,UR/X/OP,N,6,2026
172,Infinity Management & Engineering College Sagar (2008),Private,EE,DIPPPT,132,3417,UR/X/OP,N,2,2026
173,Institute of Engineering and Technology DAVV Indore (1996),S.F.I.,ET,DIPPPT,543,543,OBC/X/F,Y,1,2026
174,Institute of Engineering and Technology DAVV Indore (1996),S.F.I.,CSE,DIPPPT,183,183,OBC/X/OP,Y,1,2026
175,Institute of Engineering and Technology DAVV Indore (1996),S.F.I.,IT,DIPPPT,306,306,OBC/X/OP,Y,1,2026
176,Institute of Engineering and Technology DAVV Indore (1996),S.F.I.,ET,DIPPPT,581,666,OBC/X/OP,Y,2,2026
177,Institute of Engineering and Technology DAVV Indore (1996),S.F.I.,CIVIL,DIPPPT,1101,1101,OBC/X/OP,Y,1,2026
178,Institute of Engineering and Technology DAVV Indore (1996),S.F.I.,MECH,DIPPPT,1146,1146,OBC/X/OP,Y,1,2026
179,Institute of Engineering and Technology DAVV Indore (1996),S.F.I.,EI,DIPPPT,862,1163,OBC/X/OP,Y,2,2026
180,Institute of Engineering and Technology DAVV Indore (1996),S.F.I.,CSE,DIPPPT,676,676,SC/X/F,Y,1,2026
181,Institute of Engineering and Technology DAVV Indore (1996),S.F.I.,IT,DIPPPT,1045,1045,SC/X/F,Y,1,2026
182,Institute of Engineering and Technology DAVV Indore (1996),S.F.I.,CSE,DIPPPT,686,983,SC/X/OP,Y,2,2026
183,Institute of Engineering and Technology DAVV Indore (1996),S.F.I.,IT,DIPPPT,1222,1584,SC/X/OP,Y,4,2026
184,Institute of Engineering and Technology DAVV Indore (1996),S.F.I.,CIVIL,DIPPPT,1975,1975,SC/X/OP,Y,1,2026
185,Institute of Engineering and Technology DAVV Indore (1996),S.F.I.,EI,DIPPPT,2446,2446,SC/X/OP,Y,1,2026
186,Institute of Engineering and Technology DAVV Indore (1996),S.F.I.,MECH,DIPPPT,2421,2680,SC/X/OP,Y,2,2026
187,Institute of Engineering and Technology DAVV Indore (1996),S.F.I.,ET,DIPPPT,3228,3282,SC/X/OP,Y,2,2026
188,Institute of Engineering and Technology DAVV Indore (1996),S.F.I.,CIVIL,DIPPPT,1461,1461,ST/X/OP,Y,1,2026
189,Institute of Engineering and Technology DAVV Indore (1996),S.F.I.,CSE,DIPPPT,889,2876,ST/X/OP,Y,2,2026
190,Institute of Engineering and Technology DAVV Indore (1996),S.F.I.,ET,DIPPPT,2917,2917,ST/X/OP,Y,1,2026
191,Institute of Engineering and Technology DAVV Indore (1996),S.F.I.,CSE,DIPPPT,43,62,UR/X/F,Y,2,2026
192,Institute of Engineering and Technology DAVV Indore (1996),S.F.I.,IT,DIPPPT,212,215,UR/X/F,Y,2,2026
193,Institute of Engineering and Technology DAVV Indore (1996),S.F.I.,ET,DIPPPT,259,480,UR/X/F,Y,2,2026
194,Institute of Engineering and Technology DAVV Indore (1996),S.F.I.,CIVIL,DIPPPT,482,482,UR/X/F,Y,1,2026
195,Institute of Engineering and Technology DAVV Indore (1996),S.F.I.,EI,DIPPPT,618,618,UR/X/F,Y,1,2026
196,Institute of Engineering and Technology DAVV Indore (1996),S.F.I.,CSE,DIPPPT,88,166,UR/X/OP,Y,4,2026
197,Institute of Engineering and Technology DAVV Indore (1996),S.F.I.,IT,DIPPPT,216,278,UR/X/OP,Y,4,2026
198,Institute of Engineering and Technology DAVV Indore (1996),S.F.I.,ET,DIPPPT,103,410,UR/X/OP,Y,4,2026
199,Institute of Engineering and Technology DAVV Indore (1996),S.F.I.,EI,DIPPPT,108,539,UR/X/OP,Y,2,2026
200,Institute of Engineering and Technology DAVV Indore (1996),S.F.I.,CIVIL,DIPPPT,612,811,UR/X/OP,Y,2,2026
201,Institute of Engineering and Technology DAVV Indore (1996),S.F.I.,MECH,DIPPPT,798,1031,UR/X/OP,Y,3,2026
202,INSTITUTE OF ENGINEERING JIWAJI UNIVERSITY GWALIOR (1996),S.F.I.,CSE,DIPPPT,1542,1858,OBC/X/OP,Y,3,2026
203,INSTITUTE OF ENGINEERING JIWAJI UNIVERSITY GWALIOR (1996),S.F.I.,CSE,DIPPPT,1065,1065,UR/X/F,Y,1,2026
204,INSTITUTE OF ENGINEERING JIWAJI UNIVERSITY GWALIOR (1996),S.F.I.,CSE,DIPPPT,1281,1321,UR/X/OP,Y,2,2026
205,INSTITUTE OF ENGINEERING JIWAJI UNIVERSITY GWALIOR (1996),S.F.I.,EL,DIPPPT,1879,1879,UR/X/OP,Y,1,2026
206,INSTITUTE OF ENGINEERING JIWAJI UNIVERSITY GWALIOR (1996),S.F.I.,CHEM,DIPPPT,2026,2496,UR/X/OP,Y,2,2026
207,INSTITUTE OF TECHNOLOGY AND MANAGEMENT GWALIOR (1997),Private,EC,DIPPPT,2146,2146,UR/X/OP,N,1,2026
208,INSTITUTE OF TECHNOLOGY AND MANAGEMENT GWALIOR (1997),Private,CSE,DIPPPT,2130,2869,UR/X/OP,N,2,2026
209,"IPSAcademy Instituteof Engineeringand Science, Indore Off Campus-1",Private,CSEITCS,DIPPPT,1910,1910,UR/X/OP,N,1,2026
210,"IPSAcademy Instituteof Engineeringand Science, Indore Off Campus-1",Private,CSE,DIPPPT,358,2400,UR/X/OP,N,4,2026
211,IPS Academy Institute of Engineering and Science Indore (1999),Private,CHEM,DIPPPT,3280,3280,SC/X/OP,Y,1,2026
212,IPS Academy Institute of Engineering and Science Indore (1999),Private,FTS,DIPPPT,32,954,UR/X/OP,N,6,2026
213,IPS Academy Institute of Engineering and Science Indore (1999),Private,CHEM,DIPPPT,869,1332,UR/X/OP,N,2,2026
214,IPS Academy Institute of Engineering and Science Indore (1999),Private,ELECT ELEX,DIPPPT,1740,1740,UR/X/OP,N,1,2026
215,IPS Academy Institute of Engineering and Science Indore (1999),Private,MECH,DIPPPT,2592,3247,UR/X/OP,N,2,2026
216,IPS Academy Institute of Engineering and Science Indore (1999),Private,CSERC,DIPPPT,1809,3251,UR/X/OP,N,2,2026
217,IPS Academy Institute of Engineering and Science Indore (1999),Private,CSE,DIPPPT,1145,3387,UR/X/OP,N,7,2026
218,IPS Academy Institute of Engineering and Science Indore (1999),Private,CSEIML,DIPPPT,3389,3389,UR/X/OP,N,1,2026
219,IPS Academy Institute of Engineering and Science Indore (1999),Private,CIVIL,DIPPPT,2437,3406,UR/X/OP,N,3,2026
220,IPS Academy Institute of Engineering and Science Indore (1999),Private,ELECT ELEX,DIPPPT,1917,1968,UR/X/OP,N,2,2026
221,IPS Academy Institute of Engineering and Science Indore (1999),Private,FTS,DIPPPT,2317,3485,UR/X/OP,N,6,2026
222,IPS College of Technology & Management Gwalior (2007),Private,CSE,DIPPPT,58,58,UR/X/OP,N,1,2026
223,IPS College of Technology & Management Gwalior (2007),Private,EC,DIPPPT,1289,1289,UR/X/OP,N,1,2026
224,IPS College of Technology & Management Gwalior (2007),Private,MECH,DIPPPT,2369,2369,UR/X/OP,N,1,2026
225,IPS College of Technology & Management Gwalior (2007),Private,CIVIL,DIPPPT,2644,2644,UR/X/OP,N,1,2026
226,IPS College of Technology & Management Gwalior (2007),Private,EE,DIPPPT,915,3480,UR/X/OP,N,6,2026
227,JABALPUR ENGINEERING COLLEGE JABALPUR (JEC) (1947),GOVT,CSE,DIPPPT,312,312,OBC/X/OP,Y,1,2026
228,JABALPUR ENGINEERING COLLEGE JABALPUR (JEC) (1947),GOVT,AIAIDS,DIPPPT,338,338,OBC/X/OP,Y,1,2026
229,JABALPUR ENGINEERING COLLEGE JABALPUR (JEC) (1947),GOVT,EE,DIPPPT,406,406,OBC/X/OP,Y,1,2026
230,JABALPUR ENGINEERING COLLEGE JABALPUR (JEC) (1947),GOVT,IT,DIPPPT,417,417,OBC/X/OP,Y,1,2026
231,JABALPUR ENGINEERING COLLEGE JABALPUR (JEC) (1947),GOVT,CIVIL,DIPPPT,450,450,OBC/X/OP,Y,1,2026
232,JABALPUR ENGINEERING COLLEGE JABALPUR (JEC) (1947),GOVT,MECH,DIPPPT,1150,1150,OBC/X/OP,Y,1,2026
233,JABALPUR ENGINEERING COLLEGE JABALPUR (JEC) (1947),GOVT,EC,DIPPPT,1161,1310,OBC/X/OP,Y,2,2026
234,JABALPUR ENGINEERING COLLEGE JABALPUR (JEC) (1947),GOVT,MTENG,DIPPPT,3009,3009,OBC/X/OP,Y,1,2026
235,JABALPUR ENGINEERING COLLEGE JABALPUR (JEC) (1947),GOVT,EC,DIPPPT,1232,1232,SC/X/F,Y,1,2026
236,JABALPUR ENGINEERING COLLEGE JABALPUR (JEC) (1947),GOVT,IT,DIPPPT,2576,2576,SC/X/F,Y,1,2026
237,JABALPUR ENGINEERING COLLEGE JABALPUR (JEC) (1947),GOVT,CSE,DIPPPT,505,505,SC/X/OP,Y,1,2026
238,JABALPUR ENGINEERING COLLEGE JABALPUR (JEC) (1947),GOVT,EE,DIPPPT,947,947,SC/X/OP,Y,1,2026
239,JABALPUR ENGINEERING COLLEGE JABALPUR (JEC) (1947),GOVT,CIVIL,DIPPPT,1206,1206,SC/X/OP,Y,1,2026
240,JABALPUR ENGINEERING COLLEGE JABALPUR (JEC) (1947),GOVT,AIAIDS,DIPPPT,1358,1358,SC/X/OP,Y,1,2026
241,JABALPUR ENGINEERING COLLEGE JABALPUR (JEC) (1947),GOVT,IT,DIPPPT,2387,2387,SC/X/OP,Y,1,2026
242,JABALPUR ENGINEERING COLLEGE JABALPUR (JEC) (1947),GOVT,MECH,DIPPPT,2390,2735,SC/X/OP,Y,2,2026
243,JABALPUR ENGINEERING COLLEGE JABALPUR (JEC) (1947),GOVT,EC,DIPPPT,2044,3107,SC/X/OP,Y,2,2026
244,JABALPUR ENGINEERING COLLEGE JABALPUR (JEC) (1947),GOVT,MTENG,DIPPPT,3136,3136,SC/X/OP,Y,1,2026
245,JABALPUR ENGINEERING COLLEGE JABALPUR (JEC) (1947),GOVT,CSE,DIPPPT,982,982,ST/X/F,Y,1,2026
246,JABALPUR ENGINEERING COLLEGE JABALPUR (JEC) (1947),GOVT,IT,DIPPPT,1080,1080,ST/X/F,Y,1,2026
247,JABALPUR ENGINEERING COLLEGE JABALPUR (JEC) (1947),GOVT,MECH,DIPPPT,1631,1631,ST/X/F,Y,1,2026
248,JABALPUR ENGINEERING COLLEGE JABALPUR (JEC) (1947),GOVT,EE,DIPPPT,129,129,ST/X/OP,Y,1,2026
249,JABALPUR ENGINEERING COLLEGE JABALPUR (JEC) (1947),GOVT,CIVIL,DIPPPT,469,469,ST/X/OP,Y,1,2026
250,JABALPUR ENGINEERING COLLEGE JABALPUR (JEC) (1947),GOVT,CSE,DIPPPT,995,995,ST/X/OP,Y,1,2026
251,JABALPUR ENGINEERING COLLEGE JABALPUR (JEC) (1947),GOVT,AIAIDS,DIPPPT,1013,1013,ST/X/OP,Y,1,2026
252,JABALPUR ENGINEERING COLLEGE JABALPUR (JEC) (1947),GOVT,IT,DIPPPT,1219,1219,ST/X/OP,Y,1,2026
253,JABALPUR ENGINEERING COLLEGE JABALPUR (JEC) (1947),GOVT,EE,DIPPPT,40,40,UR/X/F,Y,1,2026
254,JABALPUR ENGINEERING COLLEGE JABALPUR (JEC) (1947),GOVT,IT,DIPPPT,63,63,UR/X/F,Y,1,2026
255,JABALPUR ENGINEERING COLLEGE JABALPUR (JEC) (1947),GOVT,CIVIL,DIPPPT,144,144,UR/X/F,Y,1,2026
256,JABALPUR ENGINEERING COLLEGE JABALPUR (JEC) (1947),GOVT,CSE,DIPPPT,119,168,UR/X/F,Y,2,2026
257,JABALPUR ENGINEERING COLLEGE JABALPUR (JEC) (1947),GOVT,AIAIDS,DIPPPT,261,261,UR/X/F,Y,1,2026
258,JABALPUR ENGINEERING COLLEGE JABALPUR (JEC) (1947),GOVT,EC,DIPPPT,987,987,UR/X/F,Y,1,2026
259,JABALPUR ENGINEERING COLLEGE JABALPUR (JEC) (1947),GOVT,MECH,DIPPPT,1218,1218,UR/X/F,Y,1,2026
260,JABALPUR ENGINEERING COLLEGE JABALPUR (JEC) (1947),GOVT,EE,DIPPPT,56,59,UR/X/OP,Y,2,2026
261,JABALPUR ENGINEERING COLLEGE JABALPUR (JEC) (1947),GOVT,CSE,DIPPPT,160,198,UR/X/OP,Y,3,2026
262,JABALPUR ENGINEERING COLLEGE JABALPUR (JEC) (1947),GOVT,AIAIDS,DIPPPT,128,269,UR/X/OP,Y,2,2026
263,JABALPUR ENGINEERING COLLEGE JABALPUR (JEC) (1947),GOVT,CIVIL,DIPPPT,267,298,UR/X/OP,Y,2,2026
264,JABALPUR ENGINEERING COLLEGE JABALPUR (JEC) (1947),GOVT,IT,DIPPPT,260,313,UR/X/OP,Y,3,2026
265,JABALPUR ENGINEERING COLLEGE JABALPUR (JEC) (1947),GOVT,MECH,DIPPPT,804,980,UR/X/OP,Y,3,2026
266,JABALPUR ENGINEERING COLLEGE JABALPUR (JEC) (1947),GOVT,EC,DIPPPT,767,1093,UR/X/OP,Y,3,2026
267,JABALPUR ENGINEERING COLLEGE JABALPUR (JEC) (1947),GOVT,MTENG,DIPPPT,442,1551,UR/X/OP,Y,3,2026
268,JABALPUR ENGINEERING COLLEGE JABALPUR (JEC) (1947),GOVT,IP,DIPPPT,1176,2800,UR/X/OP,Y,3,2026
269,JABALPUR ENGINEERING COLLEGE JABALPUR (JEC) (1947),GOVT,MTENG,DIPPPT,1908,1908,UR/X/OP,Y,1,2026
270,Jai Narain College of Technology Bhopal (2003),Private,MECH,DIPPPT,8,8,UR/X/OP,N,1,2026
271,Jai Narain College of Technology Bhopal (2003),Private,ELECT ELEX,DIPPPT,294,1951,UR/X/OP,N,4,2026
272,Jai Narain College of Technology Bhopal (2003),Private,CSEIML,DIPPPT,2229,2791,UR/X/OP,N,2,2026
273,Jai Narain College of Technology Bhopal (2003),Private,CSE,DIPPPT,1070,2955,UR/X/OP,N,4,2026
274,Jawaharlal Institute of Technology Borawan Khargone (1997),Private,ELECT ELEX,DIPPPT,2481,2481,OBC/X/OP,Y,1,2026
275,Jawaharlal Institute of Technology Borawan Khargone (1997),Private,CSEIML,DIPPPT,2677,2677,OBC/X/OP,Y,1,2026
276,Jawaharlal Institute of Technology Borawan Khargone (1997),Private,CSEIML,DIPPPT,2991,3015,ST/X/OP,Y,2,2026
277,Jawaharlal Institute of Technology Borawan Khargone (1997),Private,EC,DIPPPT,704,1763,UR/X/OP,N,3,2026
278,Jawaharlal Institute of Technology Borawan Khargone (1997),Private,CSEIML,DIPPPT,481,2041,UR/X/OP,N,6,2026
279,Jawaharlal Institute of Technology Borawan Khargone (1997),Private,ELECT ELEX,DIPPPT,1156,2252,UR/X/OP,N,6,2026
280,Jawaharlal Institute of Technology Borawan Khargone (1997),Private,MECH,DIPPPT,1363,3059,UR/X/OP,N,9,2026
281,Jawaharlal Institute of Technology Borawan Khargone (1997),Private,CSE,DIPPPT,620,3137,UR/X/OP,N,6,2026
282,Jawaharlal Institute of Technology Borawan Khargone (1997),Private,CIVIL,DIPPPT,585,3516,UR/X/OP,N,7,2026
283,Jawaharlal Institute of Technology Borawan Khargone (1997),Private,CSEIML,DIPPPT,2581,2831,UR/X/OP,N,2,2026
284,Jawaharlal Nehru College of Technology Rewa (2007),Private,MINING,DIPPPT,855,3345,OBC/X/OP,Y,9,2026
285,Jawaharlal Nehru College of Technology Rewa (2007),Private,ELECT ELEX,DIPPPT,3363,3386,OBC/X/OP,Y,2,2026
286,Jawaharlal Nehru College of Technology Rewa (2007),Private,MINING,DIPPPT,1920,3265,SC/X/OP,Y,3,2026
287,Jawaharlal Nehru College of Technology Rewa (2007),Private,MINING,DIPPPT,73,802,UR/X/OP,N,24,2026
288,Jawaharlal Nehru College of Technology Rewa (2007),Private,EC,DIPPPT,1197,1197,UR/X/OP,N,1,2026
289,Jawaharlal Nehru College of Technology Rewa (2007),Private,CSE,DIPPPT,1705,2864,UR/X/OP,N,5,2026
290,Jawaharlal Nehru College of Technology Rewa (2007),Private,ELECT ELEX,DIPPPT,568,3291,UR/X/OP,N,14,2026
291,Jawaharlal Nehru College of Technology Rewa (2007),Private,MECH,DIPPPT,553,3376,UR/X/OP,N,7,2026
292,Jawaharlal Nehru College of Technology Rewa (2007),Private,CIVIL,DIPPPT,684,3528,UR/X/OP,N,10,2026
293,Jawaharlal Nehru College of Technology Rewa (2007),Private,MINING,DIPPPT,844,2621,UR/X/OP,N,13,2026
294,Jawaharlal Nehru College of Technology Rewa (2007),Private,CSE,DIPPPT,3028,3447,UR/X/OP,N,4,2026
295,Lakshmi Narain College of Technology & Science (RIT) Indore (2002),Private,EC,DIPPPT,556,556,UR/X/OP,N,1,2026
296,Lakshmi Narain College of Technology & Science (RIT) Indore (2002),Private,CIVIL,DIPPPT,2646,2646,UR/X/OP,N,1,2026
297,Lakshmi Narain College of Technology & Science (RIT) Indore (2002),Private,CSE,DIPPPT,3120,3120,UR/X/OP,N,1,2026
298,Lakshmi Narain College of Technology & Science Bhopal (2006),Private,CSE,DIPPPT,39,2158,UR/X/OP,N,9,2026
299,Lakshmi Narain College of Technology & Science Bhopal (2006),Private,CSECS,DIPPPT,401,2540,UR/X/OP,N,4,2026
300,Lakshmi Narain College of Technology & Science Bhopal (2006),Private,CSE,DIPPPT,2330,3117,UR/X/OP,N,3,2026
301,Lakshmi Narain College of Technology Excellence Bhopal (2007),Private,MECH,DIPPPT,120,1192,UR/X/OP,N,2,2026
302,Lakshmi Narain College of Technology Excellence Bhopal (2007),Private,CSEIML,DIPPPT,2017,2941,UR/X/OP,N,4,2026
303,Lakshmi Narain College of Technology Excellence Bhopal (2007),Private,CSE,DIPPPT,2059,3129,UR/X/OP,N,2,2026
304,Lakshmi Narain College of Technology Bhopal (1994),Private,ELECT ELEX,DIPPPT,2710,2710,OBC/X/OP,Y,1,2026
305,Lakshmi Narain College of Technology Bhopal (1994),Private,CSEIML,DIPPPT,3352,3352,OBC/X/OP,Y,1,2026
306,Lakshmi Narain College of Technology Bhopal (1994),Private,CSE,DIPPPT,1123,3353,OBC/X/OP,Y,10,2026
307,Lakshmi Narain College of Technology Bhopal (1994),Private,CSEIML,DIPPPT,3179,3179,SC/X/OP,Y,1,2026
308,Lakshmi Narain College of Technology Bhopal (1994),Private,CSEIML,DIPPPT,3227,3227,ST/X/OP,Y,1,2026
309,Lakshmi Narain College of Technology Bhopal (1994),Private,CSE,DIPPPT,36,547,UR/X/OP,N,18,2026
310,Lakshmi Narain College of Technology Bhopal (1994),Private,ELECT ELEX,DIPPPT,45,824,UR/X/OP,N,3,2026
311,Lakshmi Narain College of Technology Bhopal (1994),Private,CIVIL,DIPPPT,610,2241,UR/X/OP,N,3,2026
312,Lakshmi Narain College of Technology Bhopal (1994),Private,EC,DIPPPT,503,2250,UR/X/OP,N,3,2026
313,Lakshmi Narain College of Technology Bhopal (1994),Private,CSEAIAIDS,DIPPPT,1296,2474,UR/X/OP,N,5,2026
314,Lakshmi Narain College of Technology Bhopal (1994),Private,MECH,DIPPPT,1262,2626,UR/X/OP,N,3,2026
315,Lakshmi Narain College of Technology Bhopal (1994),Private,CSEIML,DIPPPT,793,3043,UR/X/OP,N,18,2026
316,Lakshmi Narain College of Technology Bhopal (1994),Private,ELECT ELEX,DIPPPT,930,930,UR/X/OP,N,1,2026
317,Lakshmi Narain College of Technology Bhopal (1994),Private,CSE,DIPPPT,560,1050,UR/X/OP,N,8,2026
318,Lakshmi Narain College of Technology Bhopal (1994),Private,CIVIL,DIPPPT,2668,3105,UR/X/OP,N,3,2026
319,Lakshmi Narain College of Technology Bhopal (1994),Private,MECH,DIPPPT,2784,3308,UR/X/OP,N,3,2026
320,Lakshmi Narain College of Technology Bhopal (1994),Private,CSEIML,DIPPPT,3146,3486,UR/X/OP,N,8,2026
321,Lakshmi Narain College of Technology Indore (2004),Private,ELECT ELEX,DIPPPT,2720,2720,OBC/X/OP,Y,1,2026
322,Lakshmi Narain College of Technology Indore (2004),Private,CSE,DIPPPT,1147,1209,UR/X/OP,N,2,2026
323,Lakshmi Narain College of Technology Indore (2004),Private,ELECT ELEX,DIPPPT,2236,2236,UR/X/OP,N,1,2026
324,Lakshmi Narain College of Technology Indore (2004),Private,MECH,DIPPPT,3494,3494,UR/X/OP,N,1,2026
325,Lakshmi Narain College of Technology Jabalpur (2008),Private,CSEIML,DIPPPT,136,1826,UR/X/OP,N,3,2026
326,Lakshmi Narain College of Technology Jabalpur (2008),Private,CSE,DIPPPT,1606,2585,UR/X/OP,N,4,2026
327,Lakshmi Narain College of Technology Jabalpur (2008),Private,CIVIL,DIPPPT,841,3222,UR/X/OP,N,8,2026
328,Lakshmi Narain College of Technology Jabalpur (2008),Private,MECH,DIPPPT,184,3509,UR/X/OP,N,13,2026
329,LAXMIPATI INSTITUTE OF SCIENCE & TECHNOLOGY BHOPAL (2008),Private,CSE,DIPPPT,599,3167,UR/X/OP,N,4,2026
330,LAXMIPATI INSTITUTE OF SCIENCE & TECHNOLOGY BHOPAL (2008),Private,MECH,DIPPPT,307,3262,UR/X/OP,N,8,2026
331,LAXMIPATI INSTITUTE OF SCIENCE & TECHNOLOGY BHOPAL (2008),Private,ELECT ELEX,DIPPPT,1407,3336,UR/X/OP,N,8,2026
332,LAXMIPATI INSTITUTE OF SCIENCE & TECHNOLOGY BHOPAL (2008),Private,CIVIL,DIPPPT,1170,3508,UR/X/OP,N,9,2026
333,LNCT (BHOPAL) INDORE CAMPUS (2006),Private,EC,DIPPPT,317,317,UR/X/OP,N,1,2026
334,LNCT (BHOPAL) INDORE CAMPUS (2006),Private,CIVIL,DIPPPT,1007,2738,UR/X/OP,N,3,2026
335,LNCT (BHOPAL) INDORE CAMPUS (2006),Private,MECH,DIPPPT,1006,3249,UR/X/OP,N,15,2026
336,LNCT (BHOPAL) INDORE CAMPUS (2006),Private,CSE,DIPPPT,866,3346,UR/X/OP,N,14,2026
337,LNCT (BHOPAL) INDORE CAMPUS (2006),Private,MECH,DIPPPT,3333,3333,UR/X/OP,N,1,2026
338,Madhav Institute of Technology and Science  Gwalior (1957) (Deemed University),GOVT,CSE,DIPPPT,812,812,OBC/X/F,Y,1,2026
339,Madhav Institute of Technology and Science  Gwalior (1957) (Deemed University),GOVT,CSE,DIPPPT,498,498,OBC/X/OP,Y,1,2026
340,Madhav Institute of Technology and Science  Gwalior (1957) (Deemed University),GOVT,CSE,DIPPPT,744,1018,OBC/X/OP,Y,3,2026
341,Madhav Institute of Technology and Science  Gwalior (1957) (Deemed University),GOVT,AIML,DIPPPT,1255,1255,OBC/X/OP,Y,1,2026
342,Madhav Institute of Technology and Science  Gwalior (1957) (Deemed University),GOVT,AIAIDS,DIPPPT,1495,1495,OBC/X/OP,Y,1,2026
343,Madhav Institute of Technology and Science  Gwalior (1957) (Deemed University),GOVT,IT,DIPPPT,1311,1902,OBC/X/OP,Y,4,2026
344,Madhav Institute of Technology and Science  Gwalior (1957) (Deemed University),GOVT,ITAIAR,DIPPPT,1894,2547,OBC/X/OP,Y,3,2026
345,Madhav Institute of Technology and Science  Gwalior (1957) (Deemed University),GOVT,AI,DIPPPT,1796,2954,OBC/X/OP,Y,4,2026
346,Madhav Institute of Technology and Science  Gwalior (1957) (Deemed University),GOVT,CSE,DIPPPT,1589,1589,SC/X/F,Y,1,2026
347,Madhav Institute of Technology and Science  Gwalior (1957) (Deemed University),GOVT,CSE,DIPPPT,1904,2659,SC/X/OP,Y,2,2026
348,Madhav Institute of Technology and Science  Gwalior (1957) (Deemed University),GOVT,IT,DIPPPT,2436,2859,SC/X/OP,Y,2,2026
349,Madhav Institute of Technology and Science  Gwalior (1957) (Deemed University),GOVT,AIML,DIPPPT,2715,2877,SC/X/OP,Y,2,2026
350,Madhav Institute of Technology and Science  Gwalior (1957) (Deemed University),GOVT,AIAIDS,DIPPPT,3362,3362,SC/X/OP,Y,1,2026
351,Madhav Institute of Technology and Science  Gwalior (1957) (Deemed University),GOVT,AIAIDS,DIPPPT,2167,2167,ST/X/OP,Y,1,2026
352,Madhav Institute of Technology and Science  Gwalior (1957) (Deemed University),GOVT,CSE,DIPPPT,2429,2429,ST/X/OP,Y,1,2026
353,Madhav Institute of Technology and Science  Gwalior (1957) (Deemed University),GOVT,CSE,DIPPPT,199,217,UR/X/F,Y,2,2026
354,Madhav Institute of Technology and Science  Gwalior (1957) (Deemed University),GOVT,AIML,DIPPPT,239,239,UR/X/F,Y,1,2026
355,Madhav Institute of Technology and Science  Gwalior (1957) (Deemed University),GOVT,CHEM,DIPPPT,674,674,UR/X/F,Y,1,2026
356,Madhav Institute of Technology and Science  Gwalior (1957) (Deemed University),GOVT,CSE,DIPPPT,730,730,UR/X/F,Y,1,2026
357,Madhav Institute of Technology and Science  Gwalior (1957) (Deemed University),GOVT,EE,DIPPPT,774,774,UR/X/F,Y,1,2026
358,Madhav Institute of Technology and Science  Gwalior (1957) (Deemed University),GOVT,IT,DIPPPT,814,885,UR/X/F,Y,2,2026
359,Madhav Institute of Technology and Science  Gwalior (1957) (Deemed University),GOVT,ITAIAR,DIPPPT,1888,1888,UR/X/F,Y,1,2026
360,Madhav Institute of Technology and Science  Gwalior (1957) (Deemed University),GOVT,AIAIDS,DIPPPT,1945,1945,UR/X/F,Y,1,2026
361,Madhav Institute of Technology and Science  Gwalior (1957) (Deemed University),GOVT,INOT,DIPPPT,2326,2326,UR/X/F,Y,1,2026
362,Madhav Institute of Technology and Science  Gwalior (1957) (Deemed University),GOVT,AI,DIPPPT,1822,2776,UR/X/F,Y,2,2026
363,Madhav Institute of Technology and Science  Gwalior (1957) (Deemed University),GOVT,CIVIL,DIPPPT,2962,2962,UR/X/F,Y,1,2026
364,Madhav Institute of Technology and Science  Gwalior (1957) (Deemed University),GOVT,CSE,DIPPPT,131,459,UR/X/OP,Y,4,2026
365,Madhav Institute of Technology and Science  Gwalior (1957) (Deemed University),GOVT,AIML,DIPPPT,512,592,UR/X/OP,Y,2,2026
366,Madhav Institute of Technology and Science  Gwalior (1957) (Deemed University),GOVT,CSE,DIPPPT,489,742,UR/X/OP,Y,2,2026
367,Madhav Institute of Technology and Science  Gwalior (1957) (Deemed University),GOVT,IT,DIPPPT,525,1148,UR/X/OP,Y,4,2026
368,Madhav Institute of Technology and Science  Gwalior (1957) (Deemed University),GOVT,AI,DIPPPT,1084,1312,UR/X/OP,Y,4,2026
369,Madhav Institute of Technology and Science  Gwalior (1957) (Deemed University),GOVT,AIAIDS,DIPPPT,876,1423,UR/X/OP,Y,2,2026
370,Madhav Institute of Technology and Science  Gwalior (1957) (Deemed University),GOVT,INOT,DIPPPT,1379,1493,UR/X/OP,Y,2,2026
371,Madhav Institute of Technology and Science  Gwalior (1957) (Deemed University),GOVT,ITAIAR,DIPPPT,1198,1498,UR/X/OP,Y,2,2026
372,Madhav Institute of Technology and Science  Gwalior (1957) (Deemed University),GOVT,MAC,DIPPPT,1847,1847,UR/X/OP,Y,1,2026
373,Madhav Institute of Technology and Science  Gwalior (1957) (Deemed University),GOVT,ELECTRONICS AND TELECOMMU NICATIONS,DIPPPT,1223,2419,UR/X/OP,Y,4,2026
374,Madhav Institute of Technology and Science  Gwalior (1957) (Deemed University),GOVT,CSBS,DIPPPT,2625,2625,UR/X/OP,Y,1,2026
375,Madhav Institute of Technology and Science  Gwalior (1957) (Deemed University),GOVT,EC,DIPPPT,1856,2914,UR/X/OP,Y,2,2026
376,Madhav Institute of Technology and Science  Gwalior (1957) (Deemed University),GOVT,MECH,DIPPPT,1367,3018,UR/X/OP,Y,9,2026
377,Madhav Institute of Technology and Science  Gwalior (1957) (Deemed University),GOVT,CHEM,DIPPPT,1569,3126,UR/X/OP,Y,3,2026
378,Madhav Institute of Technology and Science  Gwalior (1957) (Deemed University),GOVT,CIVIL,DIPPPT,743,3204,UR/X/OP,Y,14,2026
379,Madhav Institute of Technology and Science  Gwalior (1957) (Deemed University),GOVT,CSD,DIPPPT,773,3217,UR/X/OP,Y,4,2026
380,Madhav Institute of Technology and Science  Gwalior (1957) (Deemed University),GOVT,EE,DIPPPT,412,3501,UR/X/OP,Y,11,2026
381,Madhav Institute of Technology and Science  Gwalior (1957) (Deemed University),GOVT,AI,DIPPPT,1370,1522,UR/X/OP,Y,2,2026
382,Mahakal Institute Technology & Management Ujjain (2007),Private,CSE,DIPPPT,1635,1635,UR/X/OP,N,1,2026
383,Mahakal Instute of Technology Ujjain (2001),Private,ELECT ELEX,DIPPPT,1839,1839,OBC/X/OP,Y,1,2026
384,Mahakal Instute of Technology Ujjain (2001),Private,ELECT ELEX,DIPPPT,3375,3375,SC/X/OP,Y,1,2026
385,Mahakal Instute of Technology Ujjain (2001),Private,ELECT ELEX,DIPPPT,537,537,UR/X/OP,N,1,2026
386,Mahakal Instute of Technology Ujjain (2001),Private,MECH,DIPPPT,1442,1442,UR/X/OP,N,1,2026
387,Mahakal Instute of Technology Ujjain (2001),Private,EC,DIPPPT,1033,1443,UR/X/OP,N,2,2026
388,Mahakal Instute of Technology Ujjain (2001),Private,CSE,DIPPPT,682,1843,UR/X/OP,N,2,2026
389,Mahakal Instute of Technology Ujjain (2001),Private,CSEIML,DIPPPT,2050,2050,UR/X/OP,N,1,2026
390,Mahakal Instute of Technology Ujjain (2001),Private,CIVIL,DIPPPT,3507,3507,UR/X/OP,N,1,2026
391,Mahakal Instute of Technology Ujjain (2001),Private,MECH,DIPPPT,1667,1667,UR/X/OP,N,1,2026
392,Maharana Pratap College of Technology Gwalior (1996),Private,CSE,DIPPPT,2965,3382,SC/X/OP,Y,3,2026
393,Maharana Pratap College of Technology Gwalior (1996),Private,CSE,DIPPPT,2302,2808,UR/X/OP,N,3,2026
394,Maharana Pratap College of Technology Gwalior (1996),Private,IT,DIPPPT,2834,2834,UR/X/OP,N,1,2026
395,Maharana Pratap College of Technology Gwalior (1996),Private,MECH,DIPPPT,729,2923,UR/X/OP,N,2,2026
396,Maharana Pratap College of Technology Gwalior (1996),Private,EE,DIPPPT,3049,3108,UR/X/OP,N,2,2026
397,"Malwa Institute of Science & Technology, Indore (2008)",Private,MECH,DIPPPT,2722,2722,UR/X/OP,N,1,2026
398,"Malwa Institute of Science & Technology, Indore (2008)",Private,AIML,DIPPPT,3312,3312,UR/X/OP,N,1,2026
399,"Malwa Institute of Science & Technology, Indore (2008)",Private,CSE,DIPPPT,3188,3503,UR/X/OP,N,2,2026
400,Malwa Institute of Technology Indore (2004),Private,CSE,DIPPPT,663,663,UR/X/OP,N,1,2026
401,Malwa Institute of Technology Indore (2004),Private,MECH,DIPPPT,2346,3330,UR/X/OP,N,3,2026
402,Malwa Institute of Technology Indore (2004),Private,ELECT ELEX,DIPPPT,11,3534,UR/X/OP,N,9,2026
403,Millenium Institute of Technology and Science Bhopal (2007),Private,EC,DIPPPT,411,411,UR/X/OP,N,1,2026
404,Millenium Institute of Technology and Science Bhopal (2007),Private,CSE,DIPPPT,1287,1287,UR/X/OP,N,1,2026
405,Millenium Institute of Technology and Science Bhopal (2007),Private,MECH,DIPPPT,130,2780,UR/X/OP,N,4,2026
406,Millenium Institute of Technology and Science Bhopal (2007),Private,ELECT ELEX,DIPPPT,991,3071,UR/X/OP,N,5,2026
407,Millenium Institute of Technology and Science Bhopal (2007),Private,CIVIL,DIPPPT,422,3275,UR/X/OP,N,7,2026
408,MITTAL INSTITUTE OF TECHNOLOGY BHOPAL (2007),Private,EE,DIPPPT,2256,3229,UR/X/OP,N,2,2026
409,Nowgong Engineering College Nowgong (NEC) (2012),GOVT,EE,DIPPPT,2184,2184,UR/X/F,Y,1,2026
410,Nowgong Engineering College Nowgong (NEC) (2012),GOVT,CIVIL,DIPPPT,1998,2484,UR/X/F,Y,2,2026
411,Nowgong Engineering College Nowgong (NEC) (2012),GOVT,EI,DIPPPT,1394,2654,UR/X/OP,Y,2,2026
412,Nowgong Engineering College Nowgong (NEC) (2012),GOVT,EE,DIPPPT,1973,2951,UR/X/OP,Y,5,2026
413,Nowgong Engineering College Nowgong (NEC) (2012),GOVT,CIVIL,DIPPPT,968,3260,UR/X/OP,Y,8,2026
414,Nowgong Engineering College Nowgong (NEC) (2012),GOVT,MECH,DIPPPT,1107,3268,UR/X/OP,Y,6,2026
415,NRI Institute of Information Science & Technology Bhopal (2001),Private,EC,DIPPPT,706,1885,UR/X/OP,N,2,2026
416,NRI Institute of Information Science & Technology Bhopal (2001),Private,ELECT ELEX,DIPPPT,2199,2299,UR/X/OP,N,2,2026
417,NRI Institute of Information Science & Technology Bhopal (2001),Private,MECH,DIPPPT,2675,2823,UR/X/OP,N,2,2026
418,NRI Institute of Information Science & Technology Bhopal (2001),Private,CSEIML,DIPPPT,1481,2838,UR/X/OP,N,2,2026
419,NRI Institute of Information Science & Technology Bhopal (2001),Private,CSE,DIPPPT,446,2890,UR/X/OP,N,7,2026
420,NRI Institute of Information Science & Technology Bhopal (2001),Private,CIVIL,DIPPPT,917,3214,UR/X/OP,N,2,2026
421,NRI Institute of Information Science & Technology Bhopal (2001),Private,IT,DIPPPT,3302,3302,UR/X/OP,N,1,2026
422,Oriental College of Technology Bhopal (2002),Private,CIVIL,DIPPPT,3236,3236,OBC/X/OP,Y,1,2026
423,Oriental College of Technology Bhopal (2002),Private,CSEDS,DIPPPT,870,870,UR/X/OP,N,1,2026
424,Oriental College of Technology Bhopal (2002),Private,CSECS,DIPPPT,1575,1575,UR/X/OP,N,1,2026
425,Oriental College of Technology Bhopal (2002),Private,CSEIML,DIPPPT,211,2115,UR/X/OP,N,4,2026
426,Oriental College of Technology Bhopal (2002),Private,ELECT ELEX,DIPPPT,2620,2620,UR/X/OP,N,1,2026
427,Oriental College of Technology Bhopal (2002),Private,CIVIL,DIPPPT,2052,2765,UR/X/OP,N,2,2026
428,Oriental College of Technology Bhopal (2002),Private,CSE,DIPPPT,1295,3327,UR/X/OP,N,12,2026
429,Oriental Institute of Science & Technology Bhopal (1995),Private,CIVIL,DIPPPT,1243,1633,UR/X/OP,N,3,2026
430,Oriental Institute of Science & Technology Bhopal (1995),Private,EC,DIPPPT,1872,1872,UR/X/OP,N,1,2026
431,Oriental Institute of Science & Technology Bhopal (1995),Private,IT,DIPPPT,1342,2153,UR/X/OP,N,3,2026
432,Oriental Institute of Science & Technology Bhopal (1995),Private,CSEIML,DIPPPT,272,2290,UR/X/OP,N,7,2026
433,Oriental Institute of Science & Technology Bhopal (1995),Private,CSEDS,DIPPPT,1711,3056,UR/X/OP,N,2,2026
434,Oriental Institute of Science & Technology Bhopal (1995),Private,MECH,DIPPPT,1155,3178,UR/X/OP,N,3,2026
435,Oriental Institute of Science & Technology Bhopal (1995),Private,CSE,DIPPPT,299,3272,UR/X/OP,N,15,2026
436,Oriental Institute of Science & Technology Bhopal (1995),Private,ELECT ELEX,DIPPPT,961,3479,UR/X/OP,N,2,2026
437,Oriental Institute of Science & Technology Bhopal (1995),Private,CIVIL,DIPPPT,2150,2150,UR/X/OP,N,1,2026
438,Oriental Institute of Science & Technology Bhopal (1995),Private,MECH,DIPPPT,3495,3495,UR/X/OP,N,1,2026
439,PATEL COLLEGE OF SCIENCE & TECHNOLOGY INDORE (2005),Private,CIVIL,DIPPPT,1204,1605,UR/X/OP,N,2,2026
440,PATEL COLLEGE OF SCIENCE & TECHNOLOGY INDORE (2005),Private,CSEIML,DIPPPT,1970,1970,UR/X/OP,N,1,2026
441,PATEL COLLEGE OF SCIENCE & TECHNOLOGY INDORE (2005),Private,CSE,DIPPPT,1980,1980,UR/X/OP,N,1,2026
442,PATEL COLLEGE OF SCIENCE & TECHNOLOGY INDORE (2005),Private,EC,DIPPPT,2460,2460,UR/X/OP,N,1,2026
443,PATEL COLLEGE OF SCIENCE & TECHNOLOGY INDORE (2005),Private,MECH,DIPPPT,1304,3184,UR/X/OP,N,6,2026
444,Prashantee Institute of Technology & Science Ujjain (2008),Private,MECH,DIPPPT,3319,3319,UR/X/OP,N,1,2026
445,Prashantee Institute of Technology & Science Ujjain (2008),Private,MECH,DIPPPT,2893,2906,OBC/X/OP,Y,2,2026
446,Prashantee Institute of Technology & Science Ujjain (2008),Private,MECH,DIPPPT,2999,3471,SC/X/OP,Y,3,2026
447,Prashantee Institute of Technology & Science Ujjain (2008),Private,MECH,DIPPPT,3097,3097,ST/X/OP,Y,1,2026
448,Prashantee Institute of Technology & Science Ujjain (2008),Private,EC,DIPPPT,1139,2442,UR/X/OP,N,2,2026
449,Prashantee Institute of Technology & Science Ujjain (2008),Private,MECH,DIPPPT,78,2821,UR/X/OP,N,16,2026
450,Prashantee Institute of Technology & Science Ujjain (2008),Private,CSE,DIPPPT,1519,3355,UR/X/OP,N,5,2026
451,Prashantee Institute of Technology & Science Ujjain (2008),Private,CIVIL,DIPPPT,2457,3455,UR/X/OP,N,3,2026
452,Prashantee Institute of Technology & Science Ujjain (2008),Private,MECH,DIPPPT,2984,3147,UR/X/OP,N,2,2026
453,Prestige Institute of Engineering Management and Research Indore (2008),Private,CIVIL,DIPPPT,834,834,UR/X/OP,N,1,2026
454,Prestige Institute of Engineering Management and Research Indore (2008),Private,AIADS,DIPPPT,1841,1841,UR/X/OP,N,1,2026
455,Prestige Institute of Engineering Management and Research Indore (2008),Private,ARE,DIPPPT,1987,1987,UR/X/OP,N,1,2026
456,Prestige Institute of Engineering Management and Research Indore (2008),Private,CSE,DIPPPT,2042,3125,UR/X/OP,N,3,2026
457,PRESTIGE INSTITUTE OF MANAGEMENT AND RESEARCH BHOPAL,Private,CSE,DIPPPT,147,229,UR/X/OP,N,2,2026
458,PRESTIGE INSTITUTE OF MANAGEMENT AND RESEARCH BHOPAL,Private,MTENG,DIPPPT,1923,1923,UR/X/OP,N,1,2026
459,PRESTIGE INSTITUTE OF MANAGEMENT AND RESEARCH BHOPAL,Private,CSEDS,DIPPPT,2679,2679,UR/X/OP,N,1,2026
460,PRESTIGE INSTITUTE OF MANAGEMENT AND RESEARCH BHOPAL,Private,ELECT ELEX,DIPPPT,533,3083,UR/X/OP,N,10,2026
461,PRESTIGE INSTITUTE OF MANAGEMENT AND RESEARCH BHOPAL,Private,MECH,DIPPPT,1061,3189,UR/X/OP,N,3,2026
462,PRESTIGE INSTITUTE OF MANAGEMENT AND RESEARCH BHOPAL,Private,CIVIL,DIPPPT,582,3432,UR/X/OP,N,8,2026
463,PRESTIGE INSTITUTE OF MANAGEMENT AND RESEARCH BHOPAL,Private,MECH,DIPPPT,3314,3314,UR/X/OP,N,1,2026
464,PT. DEVPRABHAKAR SHASTRI COLLEGE OF TECHNOLOGY Chhatarpur (2010),Private,CSE,DIPPPT,1750,3033,UR/X/OP,N,2,2026
465,PT. DEVPRABHAKAR SHASTRI COLLEGE OF TECHNOLOGY Chhatarpur (2010),Private,CIVIL,DIPPPT,1687,3044,UR/X/OP,N,2,2026
466,PT. DEVPRABHAKAR SHASTRI COLLEGE OF TECHNOLOGY Chhatarpur (2010),Private,EE,DIPPPT,2282,3281,UR/X/OP,N,2,2026
467,Radha Raman Institute of Technology & Science Bhopal (2003),Private,ELECT ELEX,DIPPPT,1331,1345,OBC/X/OP,Y,2,2026
468,Radha Raman Institute of Technology & Science Bhopal (2003),Private,CIVIL,DIPPPT,2661,2913,OBC/X/OP,Y,2,2026
469,Radha Raman Institute of Technology & Science Bhopal (2003),Private,ELECT ELEX,DIPPPT,170,975,UR/X/OP,N,23,2026
470,Radha Raman Institute of Technology & Science Bhopal (2003),Private,MECH,DIPPPT,134,1169,UR/X/OP,N,11,2026
471,Radha Raman Institute of Technology & Science Bhopal (2003),Private,CIVIL,DIPPPT,18,1478,UR/X/OP,N,23,2026
472,Radha Raman Institute of Technology & Science Bhopal (2003),Private,EC,DIPPPT,7,2100,UR/X/OP,N,14,2026
473,Radha Raman Institute of Technology & Science Bhopal (2003),Private,CSE,DIPPPT,74,3459,UR/X/OP,N,32,2026
474,Radha Raman Institute of Technology & Science Bhopal (2003),Private,MECH,DIPPPT,1368,2867,UR/X/OP,N,11,2026
475,Radha Raman Institute of Technology & Science Bhopal (2003),Private,CIVIL,DIPPPT,1509,3074,UR/X/OP,N,16,2026
476,Radha Raman Institute of Technology & Science Bhopal (2003),Private,EC,DIPPPT,2233,3135,UR/X/OP,N,4,2026
477,Radha Raman Institute of Technology & Science Bhopal (2003),Private,ELECT ELEX,DIPPPT,1005,3469,UR/X/OP,N,18,2026
478,RADHARAMAN ENGINEERING COLLEGE BHOPAL (2006),Private,ELECT ELEX,DIPPPT,2572,2572,OBC/X/OP,Y,1,2026
479,RADHARAMAN ENGINEERING COLLEGE BHOPAL (2006),Private,CIVIL,DIPPPT,2986,2986,OBC/X/OP,Y,1,2026
480,RADHARAMAN ENGINEERING COLLEGE BHOPAL (2006),Private,MECH,DIPPPT,2586,3288,OBC/X/OP,Y,2,2026
481,RADHARAMAN ENGINEERING COLLEGE BHOPAL (2006),Private,CIVIL,DIPPPT,1504,1504,SC/X/OP,Y,1,2026
482,RADHARAMAN ENGINEERING COLLEGE BHOPAL (2006),Private,MECH,DIPPPT,28,856,UR/X/OP,N,23,2026
483,RADHARAMAN ENGINEERING COLLEGE BHOPAL (2006),Private,CIVIL,DIPPPT,1,1171,UR/X/OP,N,27,2026
484,RADHARAMAN ENGINEERING COLLEGE BHOPAL (2006),Private,ELECT ELEX,DIPPPT,90,1530,UR/X/OP,N,12,2026
485,RADHARAMAN ENGINEERING COLLEGE BHOPAL (2006),Private,CSE,DIPPPT,34,3122,UR/X/OP,N,9,2026
486,RADHARAMAN ENGINEERING COLLEGE BHOPAL (2006),Private,ELECT ELEX,DIPPPT,1698,3158,UR/X/OP,N,8,2026
487,RADHARAMAN ENGINEERING COLLEGE BHOPAL (2006),Private,MECH,DIPPPT,900,3246,UR/X/OP,N,17,2026
488,RADHARAMAN ENGINEERING COLLEGE BHOPAL (2006),Private,CIVIL,DIPPPT,1187,3429,UR/X/OP,N,24,2026
489,Rajeev Gandhi Prodyogiki Mahavidhyalaya Bhopal (2006),Private,CSE,DIPPPT,1773,1773,OBC/X/OP,Y,1,2026
490,Rajeev Gandhi Prodyogiki Mahavidhyalaya Bhopal (2006),Private,EC,DIPPPT,530,972,UR/X/OP,N,2,2026
491,Rajeev Gandhi Prodyogiki Mahavidhyalaya Bhopal (2006),Private,CSE,DIPPPT,1097,1552,UR/X/OP,N,2,2026
492,Rajeev Gandhi Prodyogiki Mahavidhyalaya Bhopal (2006),Private,EE,DIPPPT,2196,2196,UR/X/OP,N,1,2026
493,Rajeev Gandhi Prodyogiki Mahavidhyalaya Bhopal (2006),Private,MECH,DIPPPT,2778,2778,UR/X/OP,N,1,2026
494,Rewa Engineering College Rewa (REC) (1964),GOVT,CSE,DIPPPT,709,709,OBC/X/OP,Y,1,2026
495,Rewa Engineering College Rewa (REC) (1964),GOVT,CIVIL,DIPPPT,853,853,OBC/X/OP,Y,1,2026
496,Rewa Engineering College Rewa (REC) (1964),GOVT,EE,DIPPPT,874,874,OBC/X/OP,Y,1,2026
497,Rewa Engineering College Rewa (REC) (1964),GOVT,EC,DIPPPT,2622,2622,OBC/X/OP,Y,1,2026
498,Rewa Engineering College Rewa (REC) (1964),GOVT,MECH,DIPPPT,1299,2771,OBC/X/OP,Y,3,2026
499,Rewa Engineering College Rewa (REC) (1964),GOVT,CSE,DIPPPT,2102,2102,SC/X/OP,Y,1,2026
500,Rewa Engineering College Rewa (REC) (1964),GOVT,CIVIL,DIPPPT,2255,2255,SC/X/OP,Y,1,2026
501,Rewa Engineering College Rewa (REC) (1964),GOVT,CIVIL,DIPPPT,1396,1396,ST/X/OP,Y,1,2026
502,Rewa Engineering College Rewa (REC) (1964),GOVT,CSE,DIPPPT,1581,1581,ST/X/OP,Y,1,2026
503,Rewa Engineering College Rewa (REC) (1964),GOVT,EE,DIPPPT,2036,2359,ST/X/OP,Y,2,2026
504,Rewa Engineering College Rewa (REC) (1964),GOVT,CIVIL,DIPPPT,33,33,UR/X/F,Y,1,2026
505,Rewa Engineering College Rewa (REC) (1964),GOVT,CSE,DIPPPT,462,462,UR/X/F,Y,1,2026
506,Rewa Engineering College Rewa (REC) (1964),GOVT,EE,DIPPPT,1288,1288,UR/X/F,Y,1,2026
507,Rewa Engineering College Rewa (REC) (1964),GOVT,EE,DIPPPT,176,531,UR/X/OP,Y,2,2026
508,Rewa Engineering College Rewa (REC) (1964),GOVT,CSE,DIPPPT,448,593,UR/X/OP,Y,2,2026
509,Rewa Engineering College Rewa (REC) (1964),GOVT,CIVIL,DIPPPT,732,847,UR/X/OP,Y,2,2026
510,Rewa Engineering College Rewa (REC) (1964),GOVT,MECH,DIPPPT,432,1029,UR/X/OP,Y,3,2026
511,Rewa Engineering College Rewa (REC) (1964),GOVT,EC,DIPPPT,1359,2125,UR/X/OP,Y,3,2026
512,Rewa Engineering College Rewa (REC) (1964),GOVT,EC,DIPPPT,2843,3051,UR/X/OP,Y,2,2026
513,Rewa Institute of Technology Rewa (2003),Private,CIVIL,DIPPPT,1020,2228,UR/X/OP,N,5,2026
514,Rewa Institute of Technology Rewa (2003),Private,CSE,DIPPPT,195,2348,UR/X/OP,N,3,2026
515,Rewa Institute of Technology Rewa (2003),Private,EC,DIPPPT,3133,3171,UR/X/OP,N,2,2026
516,Rewa Institute of Technology Rewa (2003),Private,MECH,DIPPPT,1537,3269,UR/X/OP,N,6,2026
517,Rewa Institute of Technology Rewa (2003),Private,EE,DIPPPT,990,3324,UR/X/OP,N,6,2026
518,Rustamji Institute of Technology Tekanpur Gwalior (1999),S.F.I.,CSE,DIPPPT,2087,2314,UR/X/F,Y,2,2026
519,Rustamji Institute of Technology Tekanpur Gwalior (1999),S.F.I.,CSEIML,DIPPPT,2795,2795,UR/X/OP,Y,1,2026
520,Rustamji Institute of Technology Tekanpur Gwalior (1999),S.F.I.,EC,DIPPPT,2879,2879,UR/X/OP,Y,1,2026
521,Rustamji Institute of Technology Tekanpur Gwalior (1999),S.F.I.,CSE,DIPPPT,1747,2910,UR/X/OP,Y,3,2026
522,Rustamji Institute of Technology Tekanpur Gwalior (1999),S.F.I.,CSE,DIPPPT,3069,3069,UR/X/OP,Y,1,2026
523,Sagar Institute of Research & Technology - Excellence Bhopal (2008),Private,AIADS,DIPPPT,1863,1863,UR/X/OP,N,1,2026
524,Sagar Institute of Research & Technology - Excellence Bhopal (2008),Private,CSE,DIPPPT,1746,2595,UR/X/OP,N,3,2026
525,Sagar Institute of Research & Technology - Excellence Bhopal (2008),Private,CIVIL,DIPPPT,413,2782,UR/X/OP,N,3,2026
526,Sagar Institute of Research & Technology - Excellence Bhopal (2008),Private,MECH,DIPPPT,3032,3242,UR/X/OP,N,2,2026
527,Sagar Institute of Research & Technology Bhopal (2003),Private,CIVIL,DIPPPT,1960,1960,OBC/X/OP,Y,1,2026
528,Sagar Institute of Research & Technology Bhopal (2003),Private,MECH,DIPPPT,2588,2588,ST/X/OP,Y,1,2026
529,Sagar Institute of Research & Technology Bhopal (2003),Private,CIVIL,DIPPPT,636,1531,UR/X/OP,N,3,2026
530,Sagar Institute of Research & Technology Bhopal (2003),Private,CSE,DIPPPT,38,2154,UR/X/OP,N,15,2026
531,Sagar Institute of Research & Technology Bhopal (2003),Private,MECH,DIPPPT,244,2532,UR/X/OP,N,3,2026
532,Sagar Institute of Research & Technology Bhopal (2003),Private,CSECS,DIPPPT,2545,2545,UR/X/OP,N,1,2026
533,Sagar Institute of Research & Technology Bhopal (2003),Private,ELECT ELEX,DIPPPT,35,2814,UR/X/OP,N,3,2026
534,Sagar Institute of Research & Technology Bhopal (2003),Private,AIML,DIPPPT,418,3011,UR/X/OP,N,9,2026
535,Sagar Institute of Research & Technology Bhopal (2003),Private,CSEITCS,DIPPPT,2887,3198,UR/X/OP,N,2,2026
536,Sagar Institute of Research & Technology Bhopal (2003),Private,EC,DIPPPT,86,3483,UR/X/OP,N,3,2026
537,Sagar Institute of Research & Technology Bhopal (2003),Private,CIVIL,DIPPPT,2014,2832,UR/X/OP,N,2,2026
538,Sagar Institute of Research & Technology Bhopal (2003),Private,ELECT ELEX,DIPPPT,3451,3470,UR/X/OP,N,2,2026
539,Sagar Institute of Research & Technology Bhopal (2003),Private,CSE,DIPPPT,2268,3473,UR/X/OP,N,8,2026
540,Sagar Instituteof Science & Technology (SISTEC) Bhopal,GOVT,CSEITCS,DIPPPT,851,851,UR/X/OP,Y,1,2026
541,Sagar Instituteof Science & Technology (SISTEC) Bhopal,GOVT,CSECS,DIPPPT,1513,2024,UR/X/OP,Y,2,2026
542,Sagar Instituteof Science & Technology (SISTEC) Bhopal,GOVT,EC,DIPPPT,1451,2108,UR/X/OP,Y,2,2026
543,Sagar Instituteof Science & Technology (SISTEC) Bhopal,GOVT,CSEAIAIDS,DIPPPT,2379,2379,UR/X/OP,Y,1,2026
544,Sagar Instituteof Science & Technology (SISTEC) Bhopal,GOVT,CIVIL,DIPPPT,2049,2860,UR/X/OP,Y,2,2026
545,Sagar Instituteof Science & Technology (SISTEC) Bhopal,GOVT,ELECT ELEX,DIPPPT,907,3085,UR/X/OP,Y,2,2026
546,Sagar Instituteof Science & Technology (SISTEC) Bhopal,GOVT,CSE,DIPPPT,1969,3322,UR/X/OP,Y,3,2026
547,Sagar Institute of Science Technology & Research (SISTec-R) Bhopal (2009),Private,CSEIML,DIPPPT,218,218,UR/X/OP,N,1,2026
548,Sagar Institute of Science Technology & Research (SISTec-R) Bhopal (2009),Private,CIVIL,DIPPPT,858,2420,UR/X/OP,N,4,2026
549,Sagar Institute of Science Technology & Research (SISTec-R) Bhopal (2009),Private,CSE,DIPPPT,1403,2717,UR/X/OP,N,2,2026
550,Sagar Institute of Science Technology & Research (SISTec-R) Bhopal (2009),Private,EC,DIPPPT,2822,2992,UR/X/OP,N,2,2026
551,"Sagar Institute of Science, Technology & Engineering(SISTec-E), Bhopal 
(2009)",Private,EE,DIPPPT,1334,3320,UR/X/OP,N,7,2026
552,Samrat Ashok Technological Institute Vidisha (1960),GOVT,CSE,DIPPPT,772,772,OBC/X/OP,Y,1,2026
553,Samrat Ashok Technological Institute Vidisha (1960),GOVT,IT,DIPPPT,1650,2038,OBC/X/OP,Y,3,2026
554,Samrat Ashok Technological Institute Vidisha (1960),GOVT,CSEIML,DIPPPT,1926,2318,OBC/X/OP,Y,3,2026
555,Samrat Ashok Technological Institute Vidisha (1960),GOVT,CIVIL,DIPPPT,2899,2899,OBC/X/OP,Y,1,2026
556,Samrat Ashok Technological Institute Vidisha (1960),GOVT,CSEAIAIDS,DIPPPT,2772,2919,OBC/X/OP,Y,2,2026
557,Samrat Ashok Technological Institute Vidisha (1960),GOVT,CSECS,DIPPPT,3087,3359,OBC/X/OP,Y,2,2026
558,Samrat Ashok Technological Institute Vidisha (1960),GOVT,CSE,DIPPPT,2482,2482,SC/X/F,Y,1,2026
559,Samrat Ashok Technological Institute Vidisha (1960),GOVT,CSE,DIPPPT,2961,3119,SC/X/OP,Y,3,2026
560,Samrat Ashok Technological Institute Vidisha (1960),GOVT,CSE,DIPPPT,2281,2281,ST/X/F,Y,1,2026
561,Samrat Ashok Technological Institute Vidisha (1960),GOVT,CIVIL,DIPPPT,3072,3072,ST/X/OP,Y,1,2026
562,Samrat Ashok Technological Institute Vidisha (1960),GOVT,CSE,DIPPPT,354,399,UR/X/F,Y,2,2026
563,Samrat Ashok Technological Institute Vidisha (1960),GOVT,IT,DIPPPT,643,643,UR/X/F,Y,1,2026
564,Samrat Ashok Technological Institute Vidisha (1960),GOVT,CSEIML,DIPPPT,868,868,UR/X/F,Y,1,2026
565,Samrat Ashok Technological Institute Vidisha (1960),GOVT,EC,DIPPPT,1179,1179,UR/X/F,Y,1,2026
566,Samrat Ashok Technological Institute Vidisha (1960),GOVT,CSEAIAIDS,DIPPPT,1485,1485,UR/X/F,Y,1,2026
567,Samrat Ashok Technological Institute Vidisha (1960),GOVT,CIVIL,DIPPPT,1624,2215,UR/X/F,Y,2,2026
568,Samrat Ashok Technological Institute Vidisha (1960),GOVT,CSEIOT,DIPPPT,2692,2692,UR/X/F,Y,1,2026
569,Samrat Ashok Technological Institute Vidisha (1960),GOVT,EE,DIPPPT,1816,3079,UR/X/F,Y,3,2026
570,Samrat Ashok Technological Institute Vidisha (1960),GOVT,CSECS,DIPPPT,3502,3502,UR/X/F,Y,1,2026
571,Samrat Ashok Technological Institute Vidisha (1960),GOVT,CSE,DIPPPT,383,613,UR/X/OP,Y,4,2026
572,Samrat Ashok Technological Institute Vidisha (1960),GOVT,IT,DIPPPT,685,790,UR/X/OP,Y,2,2026
573,Samrat Ashok Technological Institute Vidisha (1960),GOVT,CSEIML,DIPPPT,615,1282,UR/X/OP,Y,2,2026
574,Samrat Ashok Technological Institute Vidisha (1960),GOVT,CSEAIAIDS,DIPPPT,1496,1646,UR/X/OP,Y,2,2026
575,Samrat Ashok Technological Institute Vidisha (1960),GOVT,EC,DIPPPT,1230,1979,UR/X/OP,Y,2,2026
576,Samrat Ashok Technological Institute Vidisha (1960),GOVT,CSEIOT,DIPPPT,2031,2046,UR/X/OP,Y,2,2026
577,Samrat Ashok Technological Institute Vidisha (1960),GOVT,CSECS,DIPPPT,2272,2391,UR/X/OP,Y,2,2026
578,Samrat Ashok Technological Institute Vidisha (1960),GOVT,CIVIL,DIPPPT,660,2807,UR/X/OP,Y,9,2026
579,Samrat Ashok Technological Institute Vidisha (1960),GOVT,EE,DIPPPT,1418,3259,UR/X/OP,Y,10,2026
580,Samrat Ashok Technological Institute Vidisha (1960),GOVT,MECH,DIPPPT,1456,3461,UR/X/OP,Y,8,2026
581,Samrat Ashok Technological Institute Vidisha (1960),GOVT,CSEBC,DIPPPT,2758,3497,UR/X/OP,Y,3,2026
582,Samrat Ashok Technological Institute Vidisha (1960),GOVT,CSEAIAIDS,DIPPPT,1790,1790,UR/X/OP,Y,1,2026
583,Samrat Ashok Technological Institute Vidisha (1960),GOVT,CSECS,DIPPPT,2607,2607,UR/X/OP,Y,1,2026
584,Samrat Ashok Technological Institute Vidisha (1960),GOVT,CSEIOT,DIPPPT,2792,3157,UR/X/OP,Y,2,2026
585,Samrat Ashok Technological Institute Vidisha (1960),GOVT,CIVIL,DIPPPT,2833,3300,UR/X/OP,Y,5,2026
586,Saraswati Institute of Engineering & Technology Jabalpur (2008),Private,ELECT ELEX,DIPPPT,3438,3522,OBC/X/OP,Y,2,2026
587,Saraswati Institute of Engineering & Technology Jabalpur (2008),Private,CIVIL,DIPPPT,913,2462,UR/X/OP,N,3,2026
588,Saraswati Institute of Engineering & Technology Jabalpur (2008),Private,CSE,DIPPPT,2976,2976,UR/X/OP,N,1,2026
589,Saraswati Institute of Engineering & Technology Jabalpur (2008),Private,ELECT ELEX,DIPPPT,496,3369,UR/X/OP,N,14,2026
590,SATPUDA COLLEGE OF ENGINEERING AND POLYTECHNIC BALAGHAT,Private,MECH,DIPPPT,627,627,OBC/X/OP,Y,1,2026
591,SATPUDA COLLEGE OF ENGINEERING AND POLYTECHNIC BALAGHAT,Private,EE,DIPPPT,740,740,OBC/X/OP,Y,1,2026
592,SATPUDA COLLEGE OF ENGINEERING AND POLYTECHNIC BALAGHAT,Private,MINING,DIPPPT,832,846,OBC/X/OP,Y,2,2026
593,SATPUDA COLLEGE OF ENGINEERING AND POLYTECHNIC BALAGHAT,Private,CIVIL,DIPPPT,1135,1135,OBC/X/OP,Y,1,2026
594,SATPUDA COLLEGE OF ENGINEERING AND POLYTECHNIC BALAGHAT,Private,CSE,DIPPPT,1127,1354,OBC/X/OP,Y,5,2026
595,SATPUDA COLLEGE OF ENGINEERING AND POLYTECHNIC BALAGHAT,Private,MECH,DIPPPT,1517,1517,SC/X/OP,Y,1,2026
596,SATPUDA COLLEGE OF ENGINEERING AND POLYTECHNIC BALAGHAT,Private,CIVIL,DIPPPT,1788,1788,SC/X/OP,Y,1,2026
597,SATPUDA COLLEGE OF ENGINEERING AND POLYTECHNIC BALAGHAT,Private,MINING,DIPPPT,1078,2388,SC/X/OP,Y,4,2026
598,SATPUDA COLLEGE OF ENGINEERING AND POLYTECHNIC BALAGHAT,Private,EE,DIPPPT,2396,3023,SC/X/OP,Y,2,2026
599,SATPUDA COLLEGE OF ENGINEERING AND POLYTECHNIC BALAGHAT,Private,CSE,DIPPPT,2471,3437,SC/X/OP,Y,4,2026
600,SATPUDA COLLEGE OF ENGINEERING AND POLYTECHNIC BALAGHAT,Private,CIVIL,DIPPPT,1189,1189,ST/X/OP,Y,1,2026
601,SATPUDA COLLEGE OF ENGINEERING AND POLYTECHNIC BALAGHAT,Private,MECH,DIPPPT,3161,3161,ST/X/OP,Y,1,2026
602,SATPUDA COLLEGE OF ENGINEERING AND POLYTECHNIC BALAGHAT,Private,MECH,DIPPPT,318,479,UR/X/OP,N,3,2026
603,SATPUDA COLLEGE OF ENGINEERING AND POLYTECHNIC BALAGHAT,Private,EE,DIPPPT,51,621,UR/X/OP,N,3,2026
604,SATPUDA COLLEGE OF ENGINEERING AND POLYTECHNIC BALAGHAT,Private,MINING,DIPPPT,3,745,UR/X/OP,N,6,2026
605,SATPUDA COLLEGE OF ENGINEERING AND POLYTECHNIC BALAGHAT,Private,CSE,DIPPPT,500,1062,UR/X/OP,N,9,2026
606,SATPUDA COLLEGE OF ENGINEERING AND POLYTECHNIC BALAGHAT,Private,CIVIL,DIPPPT,22,1103,UR/X/OP,N,3,2026
607,"SCHOOLOFENGINEERINGANDTECHNOLOGY, SAMRAT VIKRAMADITYAVISHWAVIDYALAYA, UJJAIN (2011)",GOVT,CIVIL,DIPPPT,1362,1362,UR/X/F,Y,1,2026
608,"SCHOOLOFENGINEERINGANDTECHNOLOGY, SAMRAT VIKRAMADITYAVISHWAVIDYALAYA, UJJAIN (2011)",GOVT,EC,DIPPPT,1613,1613,UR/X/F,Y,1,2026
609,"SCHOOLOFENGINEERINGANDTECHNOLOGY, SAMRAT VIKRAMADITYAVISHWAVIDYALAYA, UJJAIN (2011)",GOVT,EE,DIPPPT,2283,3205,UR/X/F,Y,3,2026
610,"SCHOOLOFENGINEERINGANDTECHNOLOGY, SAMRAT VIKRAMADITYAVISHWAVIDYALAYA, UJJAIN (2011)",GOVT,CIVIL,DIPPPT,2787,2957,UR/X/OP,Y,2,2026
611,"SCHOOLOFENGINEERINGANDTECHNOLOGY, SAMRAT VIKRAMADITYAVISHWAVIDYALAYA, UJJAIN (2011)",GOVT,ECS,DIPPPT,1524,3029,UR/X/OP,Y,2,2026
612,"SCHOOLOFENGINEERINGANDTECHNOLOGY, SAMRAT VIKRAMADITYAVISHWAVIDYALAYA, UJJAIN (2011)",GOVT,MECH,DIPPPT,2666,3373,UR/X/OP,Y,4,2026
613,"SCHOOLOFENGINEERINGANDTECHNOLOGY, SAMRAT VIKRAMADITYAVISHWAVIDYALAYA, UJJAIN (2011)",GOVT,EE,DIPPPT,1587,3443,UR/X/OP,Y,3,2026
614,SCHOOL OF INFORMATION TECHNOLOGY RGPV BHOPAL,S.F.I.,CSEIML,DIPPPT,464,464,OBC/X/OP,Y,1,2026
615,SCHOOL OF INFORMATION TECHNOLOGY RGPV BHOPAL,S.F.I.,CSEDS,DIPPPT,831,831,OBC/X/OP,Y,1,2026
616,SCHOOL OF INFORMATION TECHNOLOGY RGPV BHOPAL,S.F.I.,CSBS,DIPPPT,1309,1309,OBC/X/OP,Y,1,2026
617,SCHOOL OF INFORMATION TECHNOLOGY RGPV BHOPAL,S.F.I.,CSEIML,DIPPPT,1591,2011,SC/X/OP,Y,2,2026
618,SCHOOL OF INFORMATION TECHNOLOGY RGPV BHOPAL,S.F.I.,CSEDS,DIPPPT,1962,2200,SC/X/OP,Y,2,2026
619,SCHOOL OF INFORMATION TECHNOLOGY RGPV BHOPAL,S.F.I.,CSEIML,DIPPPT,263,263,UR/X/F,Y,1,2026
620,SCHOOL OF INFORMATION TECHNOLOGY RGPV BHOPAL,S.F.I.,CSEDS,DIPPPT,541,541,UR/X/F,Y,1,2026
621,SCHOOL OF INFORMATION TECHNOLOGY RGPV BHOPAL,S.F.I.,CSBS,DIPPPT,583,583,UR/X/F,Y,1,2026
622,SCHOOL OF INFORMATION TECHNOLOGY RGPV BHOPAL,S.F.I.,CSEIML,DIPPPT,305,340,UR/X/OP,Y,2,2026
623,SCHOOL OF INFORMATION TECHNOLOGY RGPV BHOPAL,S.F.I.,CSEDS,DIPPPT,584,820,UR/X/OP,Y,2,2026
624,SCHOOL OF INFORMATION TECHNOLOGY RGPV BHOPAL,S.F.I.,CSBS,DIPPPT,664,932,UR/X/OP,Y,2,2026
625,SCHOOL OF INFORMATION TECHNOLOGY RGPV BHOPAL,S.F.I.,CSBS,DIPPPT,1214,1516,UR/X/OP,Y,2,2026
626,SENDHWA INSTITUTE OF PROFESSIONAL STUDIES BARWANI,Private,EE,DIPPPT,3316,3316,UR/X/OP,N,1,2026
627,Sha-Shib College of Technology Bhopal (2009),Private,EC,DIPPPT,293,1544,UR/X/OP,N,2,2026
628,Sha-Shib College of Technology Bhopal (2009),Private,MECH,DIPPPT,2076,2076,UR/X/OP,N,1,2026
629,Shiv Kumar Singh Institute of Technology & Science Indore (2007),Private,ELECT ELEX,DIPPPT,1355,1560,UR/X/OP,N,3,2026
630,Shiv Kumar Singh Institute of Technology & Science Indore (2007),Private,CSE,DIPPPT,445,1966,UR/X/OP,N,3,2026
631,Shiv Kumar Singh Institute of Technology & Science Indore (2007),Private,MECH,DIPPPT,207,3391,UR/X/OP,N,6,2026
632,Shiv Kumar Singh Institute of Technology & Science Indore (2007),Private,FTS,DIPPPT,241,3492,UR/X/OP,N,6,2026
633,Shiv Kumar Singh Institute of Technology & Science Indore (2007),Private,CIVIL,DIPPPT,3303,3514,UR/X/OP,N,2,2026
634,Shivajirao Kadam Institute of Technology and Management-Technical Campus Indore (2009),Private,MECH,DIPPPT,2726,2904,SC/X/OP,Y,2,2026
635,Shivajirao Kadam Institute of Technology and Management-Technical Campus Indore (2009),Private,DS,DIPPPT,1319,1319,UR/X/OP,N,1,2026
636,Shivajirao Kadam Institute of Technology and Management-Technical Campus Indore (2009),Private,EC,DIPPPT,509,1402,UR/X/OP,N,2,2026
637,Shivajirao Kadam Institute of Technology and Management-Technical Campus Indore (2009),Private,CSE,DIPPPT,135,2089,UR/X/OP,N,5,2026
638,Shivajirao Kadam Institute of Technology and Management-Technical Campus Indore (2009),Private,MECH,DIPPPT,202,2412,UR/X/OP,N,12,2026
639,Shivajirao Kadam Institute of Technology and Management-Technical Campus Indore (2009),Private,CIVIL,DIPPPT,3295,3295,UR/X/OP,N,1,2026
640,Shivajirao Kadam Institute of Technology and Management-Technical Campus Indore (2009),Private,AIML,DIPPPT,3374,3374,UR/X/OP,N,1,2026
641,Shivajirao Kadam Institute of Technology and Management-Technical Campus Indore (2009),Private,MECH,DIPPPT,2716,2716,UR/X/OP,N,1,2026
642,Shreejee Institute of Technology and Management Khargone (2010),Private,CIVIL,DIPPPT,2712,2712,UR/X/OP,N,1,2026
643,Shreejee Institute of Technology and Management Khargone (2010),Private,ELECT ELEX,DIPPPT,781,3166,UR/X/OP,N,3,2026
644,Shreejee Institute of Technology and Management Khargone (2010),Private,MECH,DIPPPT,3396,3396,UR/X/OP,N,1,2026
645,Shri Balaji Institute of Technology & Management Betul (2009),Private,CIVIL,DIPPPT,1466,2375,UR/X/OP,N,2,2026
646,Shri Balaji Institute of Technology & Management Betul (2009),Private,ELECT ELEX,DIPPPT,806,3299,UR/X/OP,N,7,2026
647,Shri Balaji Institute of Technology & Management Betul (2009),Private,MECH,DIPPPT,721,3394,UR/X/OP,N,3,2026
648,Shri Balaji Institute of Technology & Management Betul (2009),Private,CSE,DIPPPT,3395,3395,UR/X/OP,N,1,2026
649,Shri Dadaji Institute of Technology & Science khandwa,Private,CSE,DIPPPT,2905,2905,SC/X/OP,Y,1,2026
650,Shri Dadaji Institute of Technology & Science khandwa,Private,DS,DIPPPT,1258,1258,UR/X/OP,N,1,2026
651,Shri Dadaji Institute of Technology & Science khandwa,Private,MECH,DIPPPT,2077,2118,UR/X/OP,N,2,2026
652,Shri Dadaji Institute of Technology & Science khandwa,Private,ELECT ELEX,DIPPPT,424,2452,UR/X/OP,N,5,2026
653,Shri Dadaji Institute of Technology & Science khandwa,Private,CSE,DIPPPT,95,2560,UR/X/OP,N,5,2026
654,Shri Dadaji Institute of Technology & Science khandwa,Private,EC,DIPPPT,2179,2908,UR/X/OP,N,4,2026
655,Shri Dadaji Institute of Technology & Science khandwa,Private,CIVIL,DIPPPT,252,3037,UR/X/OP,N,5,2026
656,Shri Dadaji Institute of Technology & Science khandwa,Private,CSE,DIPPPT,2732,2732,UR/X/OP,N,1,2026
657,Shri G.S. Institute of Technology & Science Indore (M.P.) (1952),GOVT,CSE,DIPPPT,110,110,OBC/X/F,Y,1,2026
658,Shri G.S. Institute of Technology & Science Indore (M.P.) (1952),GOVT,CSE,DIPPPT,76,76,OBC/X/OP,Y,1,2026
659,Shri G.S. Institute of Technology & Science Indore (M.P.) (1952),GOVT,IT,DIPPPT,222,222,OBC/X/OP,Y,1,2026
660,Shri G.S. Institute of Technology & Science Indore (M.P.) (1952),GOVT,EE,DIPPPT,268,268,OBC/X/OP,Y,1,2026
661,Shri G.S. Institute of Technology & Science Indore (M.P.) (1952),GOVT,ELECTRONICS AND TELECOMMU NICATIONS,DIPPPT,518,518,OBC/X/OP,Y,1,2026
662,Shri G.S. Institute of Technology & Science Indore (M.P.) (1952),GOVT,CIVIL,DIPPPT,532,532,OBC/X/OP,Y,1,2026
663,Shri G.S. Institute of Technology & Science Indore (M.P.) (1952),GOVT,EI,DIPPPT,893,1109,OBC/X/OP,Y,3,2026
664,Shri G.S. Institute of Technology & Science Indore (M.P.) (1952),GOVT,MECH,DIPPPT,1549,1549,OBC/X/OP,Y,1,2026
665,Shri G.S. Institute of Technology & Science Indore (M.P.) (1952),GOVT,IP,DIPPPT,2645,3293,OBC/X/OP,Y,2,2026
666,Shri G.S. Institute of Technology & Science Indore (M.P.) (1952),GOVT,CSE,DIPPPT,140,140,SC/X/F,Y,1,2026
667,Shri G.S. Institute of Technology & Science Indore (M.P.) (1952),GOVT,IT,DIPPPT,884,884,SC/X/F,Y,1,2026
668,Shri G.S. Institute of Technology & Science Indore (M.P.) (1952),GOVT,CSE,DIPPPT,597,597,SC/X/OP,Y,1,2026
669,Shri G.S. Institute of Technology & Science Indore (M.P.) (1952),GOVT,CIVIL,DIPPPT,614,614,SC/X/OP,Y,1,2026
670,Shri G.S. Institute of Technology & Science Indore (M.P.) (1952),GOVT,IT,DIPPPT,646,1142,SC/X/OP,Y,3,2026
671,Shri G.S. Institute of Technology & Science Indore (M.P.) (1952),GOVT,MECH,DIPPPT,655,1846,SC/X/OP,Y,4,2026
672,Shri G.S. Institute of Technology & Science Indore (M.P.) (1952),GOVT,EE,DIPPPT,1632,2078,SC/X/OP,Y,2,2026
673,Shri G.S. Institute of Technology & Science Indore (M.P.) (1952),GOVT,ELECTRONICS AND TELECOMMU NICATIONS,DIPPPT,2257,3141,SC/X/OP,Y,3,2026
674,Shri G.S. Institute of Technology & Science Indore (M.P.) (1952),GOVT,EI,DIPPPT,3241,3241,SC/X/OP,Y,1,2026
675,Shri G.S. Institute of Technology & Science Indore (M.P.) (1952),GOVT,IP,DIPPPT,3329,3329,SC/X/OP,Y,1,2026
676,Shri G.S. Institute of Technology & Science Indore (M.P.) (1952),GOVT,CIVIL,DIPPPT,946,946,ST/X/F,Y,1,2026
677,Shri G.S. Institute of Technology & Science Indore (M.P.) (1952),GOVT,CIVIL,DIPPPT,1260,1260,ST/X/OP,Y,1,2026
678,Shri G.S. Institute of Technology & Science Indore (M.P.) (1952),GOVT,CSE,DIPPPT,1199,1462,ST/X/OP,Y,2,2026
679,Shri G.S. Institute of Technology & Science Indore (M.P.) (1952),GOVT,IT,DIPPPT,2195,2195,ST/X/OP,Y,1,2026
680,Shri G.S. Institute of Technology & Science Indore (M.P.) (1952),GOVT,EE,DIPPPT,1088,2276,ST/X/OP,Y,2,2026
681,Shri G.S. Institute of Technology & Science Indore (M.P.) (1952),GOVT,ELECTRONICS AND TELECOMMU NICATIONS,DIPPPT,2742,2742,ST/X/OP,Y,1,2026
682,Shri G.S. Institute of Technology & Science Indore (M.P.) (1952),GOVT,EE,DIPPPT,49,49,UR/X/F,Y,1,2026
683,Shri G.S. Institute of Technology & Science Indore (M.P.) (1952),GOVT,CSE,DIPPPT,2,65,UR/X/F,Y,2,2026
684,Shri G.S. Institute of Technology & Science Indore (M.P.) (1952),GOVT,IT,DIPPPT,205,208,UR/X/F,Y,2,2026
685,Shri G.S. Institute of Technology & Science Indore (M.P.) (1952),GOVT,ELECTRONICS AND TELECOMMU NICATIONS,DIPPPT,473,473,UR/X/F,Y,1,2026
686,Shri G.S. Institute of Technology & Science Indore (M.P.) (1952),GOVT,CIVIL,DIPPPT,220,549,UR/X/F,Y,2,2026
687,Shri G.S. Institute of Technology & Science Indore (M.P.) (1952),GOVT,EI,DIPPPT,595,678,UR/X/F,Y,2,2026
688,Shri G.S. Institute of Technology & Science Indore (M.P.) (1952),GOVT,IP,DIPPPT,1049,1049,UR/X/F,Y,1,2026
689,Shri G.S. Institute of Technology & Science Indore (M.P.) (1952),GOVT,MECH,DIPPPT,1069,1069,UR/X/F,Y,1,2026
690,Shri G.S. Institute of Technology & Science Indore (M.P.) (1952),GOVT,BM,DIPPPT,3094,3094,UR/X/F,Y,1,2026
691,Shri G.S. Institute of Technology & Science Indore (M.P.) (1952),GOVT,CSE,DIPPPT,10,68,UR/X/OP,Y,4,2026
692,Shri G.S. Institute of Technology & Science Indore (M.P.) (1952),GOVT,IT,DIPPPT,77,181,UR/X/OP,Y,4,2026
693,Shri G.S. Institute of Technology & Science Indore (M.P.) (1952),GOVT,EE,DIPPPT,104,236,UR/X/OP,Y,3,2026
694,Shri G.S. Institute of Technology & Science Indore (M.P.) (1952),GOVT,MECH,DIPPPT,161,431,UR/X/OP,Y,3,2026
695,Shri G.S. Institute of Technology & Science Indore (M.P.) (1952),GOVT,CIVIL,DIPPPT,115,453,UR/X/OP,Y,3,2026
696,Shri G.S. Institute of Technology & Science Indore (M.P.) (1952),GOVT,ELECTRONICS AND TELECOMMU NICATIONS,DIPPPT,143,513,UR/X/OP,Y,3,2026
697,Shri G.S. Institute of Technology & Science Indore (M.P.) (1952),GOVT,EI,DIPPPT,196,667,UR/X/OP,Y,3,2026
698,Shri G.S. Institute of Technology & Science Indore (M.P.) (1952),GOVT,IP,DIPPPT,1823,2267,UR/X/OP,Y,4,2026
699,Shri G.S. Institute of Technology & Science Indore (M.P.) (1952),GOVT,BM,DIPPPT,2356,2356,UR/X/OP,Y,1,2026
700,Shri G.S. Institute of Technology & Science Indore (M.P.) (1952),GOVT,BM,DIPPPT,1105,3474,UR/X/OP,Y,2,2026
701,Shri Guru Sandipani Institute of Technology & Science Ujjain (2009),Private,MECH,DIPPPT,2802,3215,OBC/X/OP,Y,3,2026
702,Shri Guru Sandipani Institute of Technology & Science Ujjain (2009),Private,CSE,DIPPPT,3476,3476,OBC/X/OP,Y,1,2026
703,Shri Guru Sandipani Institute of Technology & Science Ujjain (2009),Private,MECH,DIPPPT,328,2801,UR/X/OP,N,24,2026
704,Shri Guru Sandipani Institute of Technology & Science Ujjain (2009),Private,CIVIL,DIPPPT,64,3124,UR/X/OP,N,12,2026
705,Shri Guru Sandipani Institute of Technology & Science Ujjain (2009),Private,CSE,DIPPPT,1336,3310,UR/X/OP,N,8,2026
706,Shri Guru Sandipani Institute of Technology & Science Ujjain (2009),Private,EC,DIPPPT,1627,3453,UR/X/OP,N,6,2026
707,Shri Guru Sandipani Institute of Technology & Science Ujjain (2009),Private,MECH,DIPPPT,3017,3106,UR/X/OP,N,2,2026
708,Shri Ram College of Engineering & Management Banmore (1998),Private,EC,DIPPPT,3450,3450,OBC/X/OP,Y,1,2026
709,Shri Ram College of Engineering & Management Banmore (1998),Private,CSE,DIPPPT,517,1203,UR/X/OP,N,2,2026
710,Shri Ram College of Engineering & Management Banmore (1998),Private,AIML,DIPPPT,1676,1676,UR/X/OP,N,1,2026
711,Shri Ram College of Engineering & Management Banmore (1998),Private,MECH,DIPPPT,380,1804,UR/X/OP,N,2,2026
712,Shri Ram College of Engineering & Management Banmore (1998),Private,EC,DIPPPT,1419,2535,UR/X/OP,N,3,2026
713,Shri Ram College of Engineering & Management Banmore (1998),Private,EC,DIPPPT,2616,2616,UR/X/OP,N,1,2026
714,SHRI RAM GROUP OF INSTITUTION (FACULTY OF ENGINEERING PHARMACY MBA MCA) JABALPUR (2009),Private,MECH,DIPPPT,2443,2443,UR/X/OP,N,1,2026
715,SHRI RAM GROUP OF INSTITUTION (FACULTY OF ENGINEERING PHARMACY MBA MCA) JABALPUR (2009),Private,CSEAIAIDS,DIPPPT,2569,2569,UR/X/OP,N,1,2026
716,SHRI RAM GROUP OF INSTITUTION (FACULTY OF ENGINEERING PHARMACY MBA MCA) JABALPUR (2009),Private,CIVIL,DIPPPT,2880,3013,UR/X/OP,N,2,2026
717,Shri Ram Institute of Information Technology Banmore Morena (2007),Private,EC,DIPPPT,576,576,UR/X/OP,N,1,2026
718,Shri Ram Institute of Information Technology Banmore Morena (2007),Private,AIAIDS,DIPPPT,2745,2745,UR/X/OP,N,1,2026
719,Shri Ram Institute of Information Technology Banmore Morena (2007),Private,MECH,DIPPPT,235,2810,UR/X/OP,N,3,2026
720,Shri Ram Institute of Information Technology Banmore Morena (2007),Private,CIVIL,DIPPPT,800,2980,UR/X/OP,N,6,2026
721,Shri Ram Institute of Science & Technology Jabalpur (2007),Private,CSEITCS,DIPPPT,2649,2649,UR/X/OP,N,1,2026
722,Shri Ram Institute of Science & Technology Jabalpur (2007),Private,CSE,DIPPPT,2485,3258,UR/X/OP,N,2,2026
723,Shri Ram Institute of Technology Jabalpur (2001),Private,CIVIL,DIPPPT,3424,3424,SC/X/OP,Y,1,2026
724,Shri Ram Institute of Technology Jabalpur (2001),Private,CIVIL,DIPPPT,2938,3206,ST/X/OP,Y,2,2026
725,Shri Ram Institute of Technology Jabalpur (2001),Private,EE,DIPPPT,765,1119,UR/X/OP,N,2,2026
726,Shri Ram Institute of Technology Jabalpur (2001),Private,CIVIL,DIPPPT,238,1978,UR/X/OP,N,4,2026
727,Shri Ram Institute of Technology Jabalpur (2001),Private,CSE,DIPPPT,309,2021,UR/X/OP,N,2,2026
728,Shri Ram Institute of Technology Jabalpur (2001),Private,CIVIL,DIPPPT,2273,2273,UR/X/OP,N,1,2026
729,Shri Ram Institute of Technology Jabalpur (2001),Private,CSEIML,DIPPPT,2494,2494,UR/X/OP,N,1,2026
730,Shri Ram Institute of Technology Jabalpur (2001),Private,EC,DIPPPT,334,3061,UR/X/OP,N,2,2026
731,Shri Ram Institute of Technology Jabalpur (2001),Private,MECH,DIPPPT,1647,3426,UR/X/OP,N,3,2026
732,SHRI RAMA KRISHNA COLLEGE OF ENGINEERING SCIENCE AND MANAGEMENT (SRKCESM) SATNA,Private,CSEIML,DIPPPT,683,683,UR/X/OP,N,1,2026
733,SHRI RAMA KRISHNA COLLEGE OF ENGINEERING SCIENCE AND MANAGEMENT (SRKCESM) SATNA,Private,CIVIL,DIPPPT,1835,1835,UR/X/OP,N,1,2026
734,SHRI RAMA KRISHNA COLLEGE OF ENGINEERING SCIENCE AND MANAGEMENT (SRKCESM) SATNA,Private,MECH,DIPPPT,285,3237,UR/X/OP,N,15,2026
735,SHRI RAMA KRISHNA COLLEGE OF ENGINEERING SCIENCE AND MANAGEMENT (SRKCESM) SATNA,Private,EE,DIPPPT,225,3465,UR/X/OP,N,13,2026
736,SHRI RAMA KRISHNA COLLEGE OF ENGINEERING SCIENCE AND MANAGEMENT (SRKCESM) SATNA,Private,MINING,DIPPPT,14,3517,UR/X/OP,N,9,2026
737,Shri Yogendra Sagar Institute of Technology & Science Ratlam (2008),Private,MECH,DIPPPT,2350,3066,UR/X/OP,N,2,2026
738,"SRAJAN INSTITUTE OF TECH., MANAGEMENT & SCIENCE, RATLAM (2009)",Private,CSE,DIPPPT,2878,2878,UR/X/OP,N,1,2026
739,Sri Aurobindo Institute of Technology Indore (2009),Private,MECH,DIPPPT,2451,2451,UR/X/OP,N,1,2026
740,Sri Aurobindo Institute of Technology Indore (2009),Private,CSEIML,DIPPPT,1090,2851,UR/X/OP,N,3,2026
741,Sri Aurobindo Institute of Technology Indore (2009),Private,CSE,DIPPPT,2766,3393,UR/X/OP,N,2,2026
742,"Sri Parashuram Instituteof Technology & Research, Khandwa (2013)",Private,MECH,DIPPPT,2079,2079,UR/X/OP,N,1,2026
743,ST. ALOYSIUS INSTITUTE OF TECHNOLOGY JABALPUR (2009),Private,MECH,DIPPPT,281,2573,UR/X/OP,N,5,2026
744,ST. ALOYSIUS INSTITUTE OF TECHNOLOGY JABALPUR (2009),Private,CSE,DIPPPT,2911,2911,UR/X/OP,N,1,2026
745,ST. ALOYSIUS INSTITUTE OF TECHNOLOGY JABALPUR (2009),Private,CIVIL,DIPPPT,1360,3197,UR/X/OP,N,4,2026
746,Surabhi College of Engineering & Technology Bhopal (2008),Private,ELECT ELEX,DIPPPT,1154,1154,UR/X/OP,N,1,2026
747,Surabhi College of Engineering & Technology Bhopal (2008),Private,CIVIL,DIPPPT,1534,1534,UR/X/OP,N,1,2026
748,Surabhi College of Engineering & Technology Bhopal (2008),Private,MECH,DIPPPT,2329,2329,UR/X/OP,N,1,2026
749,Sushila Devi Bansal College of Engineering Indore (2006),Private,CSE,DIPPPT,1276,1298,UR/X/OP,N,2,2026
750,Sushila Devi Bansal College of Engineering Indore (2006),Private,CSEIML,DIPPPT,711,1996,UR/X/OP,N,2,2026
751,Sushila Devi Bansal College of Engineering Indore (2006),Private,CIVIL,DIPPPT,769,2685,UR/X/OP,N,3,2026
752,Sushila Devi Bansal College of Engineering Indore (2006),Private,MECH,DIPPPT,871,2924,UR/X/OP,N,3,2026
753,Sushila Devi Bansal College of Engineering Indore (2006),Private,CSEDS,DIPPPT,3255,3446,UR/X/OP,N,2,2026
754,Sushila Devi Bansal College of Technology indore (2005),Private,EC,DIPPPT,2319,2319,OBC/X/OP,Y,1,2026
755,Sushila Devi Bansal College of Technology indore (2005),Private,EC,DIPPPT,3145,3145,SC/X/OP,Y,1,2026
756,Sushila Devi Bansal College of Technology indore (2005),Private,CIVIL,DIPPPT,835,1794,UR/X/OP,N,2,2026
757,Sushila Devi Bansal College of Technology indore (2005),Private,EC,DIPPPT,447,2149,UR/X/OP,N,4,2026
758,Sushila Devi Bansal College of Technology indore (2005),Private,CSE,DIPPPT,460,2597,UR/X/OP,N,9,2026
759,Sushila Devi Bansal College of Technology indore (2005),Private,MECH,DIPPPT,296,3421,UR/X/OP,N,18,2026
760,Sushila Devi Bansal College of Technology indore (2005),Private,CSE,DIPPPT,2665,2665,UR/X/OP,N,1,2026
761,Sushila Devi Bansal College of Technology indore (2005),Private,EC,DIPPPT,3143,3274,UR/X/OP,N,2,2026
762,Swami Vivekanand College of Engineering Indore (2004),Private,ELECT ELEX,DIPPPT,85,2711,UR/X/OP,N,6,2026
763,Takshshila Institute of Engineering & Technology Jabalpur (2004),Private,MECH,DIPPPT,2788,3278,OBC/X/OP,Y,5,2026
764,Takshshila Institute of Engineering & Technology Jabalpur (2004),Private,CIVIL,DIPPPT,3428,3428,OBC/X/OP,Y,1,2026
765,Takshshila Institute of Engineering & Technology Jabalpur (2004),Private,ELECT ELEX,DIPPPT,2023,3478,OBC/X/OP,Y,9,2026
766,Takshshila Institute of Engineering & Technology Jabalpur (2004),Private,ELECT ELEX,DIPPPT,2159,2159,SC/X/OP,Y,1,2026
767,Takshshila Institute of Engineering & Technology Jabalpur (2004),Private,ELECT ELEX,DIPPPT,2423,2561,ST/X/OP,Y,2,2026
768,Takshshila Institute of Engineering & Technology Jabalpur (2004),Private,ELECT ELEX,DIPPPT,72,1961,UR/X/OP,N,21,2026
769,Takshshila Institute of Engineering & Technology Jabalpur (2004),Private,CSEIML,DIPPPT,2392,2392,UR/X/OP,N,1,2026
770,Takshshila Institute of Engineering & Technology Jabalpur (2004),Private,MECH,DIPPPT,635,2718,UR/X/OP,N,24,2026
771,Takshshila Institute of Engineering & Technology Jabalpur (2004),Private,CSE,DIPPPT,810,3326,UR/X/OP,N,15,2026
772,Takshshila Institute of Engineering & Technology Jabalpur (2004),Private,CIVIL,DIPPPT,150,3343,UR/X/OP,N,21,2026
773,Takshshila Institute of Engineering & Technology Jabalpur (2004),Private,ELECT ELEX,DIPPPT,2163,3411,UR/X/OP,N,8,2026
774,Takshshila Institute of Engineering & Technology Jabalpur (2004),Private,MECH,DIPPPT,2929,3419,UR/X/OP,N,5,2026
775,Technocrats Institute of Technology & Science Bhopal (2007),Private,CSEIML,DIPPPT,92,92,UR/X/OP,N,1,2026
776,Technocrats Institute of Technology & Science Bhopal (2007),Private,MECH,DIPPPT,752,1739,OBC/X/OP,Y,2,2026
777,Technocrats Institute of Technology & Science Bhopal (2007),Private,ELECT ELEX,DIPPPT,1608,2958,OBC/X/OP,Y,3,2026
778,Technocrats Institute of Technology & Science Bhopal (2007),Private,MECH,DIPPPT,165,165,UR/X/OP,N,1,2026
779,Technocrats Institute of Technology & Science Bhopal (2007),Private,CIVIL,DIPPPT,61,778,UR/X/OP,N,6,2026
780,Technocrats Institute of Technology & Science Bhopal (2007),Private,ELECT ELEX,DIPPPT,624,924,UR/X/OP,N,3,2026
781,Technocrats Institute of Technology & Science Bhopal (2007),Private,CSEAI,DIPPPT,1880,1880,UR/X/OP,N,1,2026
782,Technocrats Institute of Technology & Science Bhopal (2007),Private,CSE,DIPPPT,1592,2483,UR/X/OP,N,4,2026
783,Technocrats Institute of Technology & Science Bhopal (2007),Private,CSEIML,DIPPPT,167,3263,UR/X/OP,N,9,2026
784,Technocrats Institute of Technology & Science Bhopal (2007),Private,CIVIL,DIPPPT,984,1526,UR/X/OP,N,6,2026
785,Technocrats Institute of Technology (Excellence) Bhopal (2007),Private,MECH,DIPPPT,1357,1755,OBC/X/OP,Y,2,2026
786,Technocrats Institute of Technology (Excellence) Bhopal (2007),Private,ELECT ELEX,DIPPPT,3444,3525,OBC/X/OP,Y,3,2026
787,Technocrats Institute of Technology (Excellence) Bhopal (2007),Private,MECH,DIPPPT,897,897,UR/X/OP,N,1,2026
788,Technocrats Institute of Technology (Excellence) Bhopal (2007),Private,ELECT ELEX,DIPPPT,223,1315,UR/X/OP,N,4,2026
789,Technocrats Institute of Technology (Excellence) Bhopal (2007),Private,CIVIL,DIPPPT,1426,1802,UR/X/OP,N,2,2026
790,Technocrats Institute of Technology (Excellence) Bhopal (2007),Private,EC,DIPPPT,1776,2734,UR/X/OP,N,2,2026
791,Technocrats Institute of Technology (Excellence) Bhopal (2007),Private,CSEIML,DIPPPT,1586,3309,UR/X/OP,N,8,2026
792,Technocrats Institute of Technology (Excellence) Bhopal (2007),Private,CSE,DIPPPT,188,3491,UR/X/OP,N,8,2026
793,Technocrats Institute of Technology (Excellence) Bhopal (2007),Private,CIVIL,DIPPPT,1808,1808,UR/X/OP,N,1,2026
794,Technocrats Institute of Technology (Excellence) Bhopal (2007),Private,ELECT ELEX,DIPPPT,1873,1873,UR/X/OP,N,1,2026
795,Technocrats Institute of Technology (Excellence) Bhopal (2007),Private,EC,DIPPPT,2915,2915,UR/X/OP,N,1,2026
796,TECHNOCRATS INSTITUTE OF TECHNOLOGYBHOPAL (2000),Private,CIVIL,DIPPPT,1921,1921,OBC/X/OP,Y,1,2026
797,TECHNOCRATS INSTITUTE OF TECHNOLOGYBHOPAL (2000),Private,MECH,DIPPPT,2399,3423,OBC/X/OP,Y,2,2026
798,TECHNOCRATS INSTITUTE OF TECHNOLOGYBHOPAL (2000),Private,MECH,DIPPPT,2676,3412,SC/X/OP,Y,2,2026
799,TECHNOCRATS INSTITUTE OF TECHNOLOGYBHOPAL (2000),Private,CIVIL,DIPPPT,3014,3488,SC/X/OP,Y,3,2026
800,TECHNOCRATS INSTITUTE OF TECHNOLOGYBHOPAL (2000),Private,CSEDS,DIPPPT,628,628,UR/X/OP,N,1,2026
801,TECHNOCRATS INSTITUTE OF TECHNOLOGYBHOPAL (2000),Private,CIVIL,DIPPPT,172,1855,UR/X/OP,N,12,2026
802,TECHNOCRATS INSTITUTE OF TECHNOLOGYBHOPAL (2000),Private,MECH,DIPPPT,1067,2333,UR/X/OP,N,8,2026
803,TECHNOCRATS INSTITUTE OF TECHNOLOGYBHOPAL (2000),Private,CSE,DIPPPT,596,2364,UR/X/OP,N,6,2026
804,TECHNOCRATS INSTITUTE OF TECHNOLOGYBHOPAL (2000),Private,EC,DIPPPT,506,2922,UR/X/OP,N,6,2026
805,TECHNOCRATS INSTITUTE OF TECHNOLOGYBHOPAL (2000),Private,ELECT ELEX,DIPPPT,80,3256,UR/X/OP,N,18,2026
806,TECHNOCRATS INSTITUTE OF TECHNOLOGYBHOPAL (2000),Private,CSEIML,DIPPPT,2594,3365,UR/X/OP,N,4,2026
807,TECHNOCRATS INSTITUTE OF TECHNOLOGYBHOPAL (2000),Private,CIVIL,DIPPPT,1995,2531,UR/X/OP,N,8,2026
808,TECHNOCRATS INSTITUTE OF TECHNOLOGYBHOPAL (2000),Private,MECH,DIPPPT,2340,3084,UR/X/OP,N,4,2026
809,TECHNOCRATS INSTITUTE OF TECHNOLOGYBHOPAL (2000),Private,ELECT ELEX,DIPPPT,3344,3344,UR/X/OP,N,1,2026
810,TECHNOCRATS INSTITUTE OF TECHNOLOGY-COMPUTER SCIENCE AND ENGINEERING BHOPAL (FORMERLY TECHNOCRATES INSTITUTE OF TECHNOLOGY-ADVANCE BHOPAL (2008)),Private,CIVIL,DIPPPT,1664,3078,OBC/X/OP,Y,2,2026
811,TECHNOCRATS INSTITUTE OF TECHNOLOGY-COMPUTER SCIENCE AND ENGINEERING BHOPAL (FORMERLY TECHNOCRATES INSTITUTE OF TECHNOLOGY-ADVANCE BHOPAL (2008)),Private,CIVIL,DIPPPT,29,407,UR/X/OP,N,3,2026
812,TECHNOCRATS INSTITUTE OF TECHNOLOGY-COMPUTER SCIENCE AND ENGINEERING BHOPAL (FORMERLY TECHNOCRATES INSTITUTE OF TECHNOLOGY-ADVANCE BHOPAL (2008)),Private,CSE,DIPPPT,718,2947,UR/X/OP,N,7,2026
813,TECHNOCRATS INSTITUTE OF TECHNOLOGY-COMPUTER SCIENCE AND ENGINEERING BHOPAL (FORMERLY TECHNOCRATES INSTITUTE OF TECHNOLOGY-ADVANCE BHOPAL (2008)),Private,CSEIML,DIPPPT,2628,3115,UR/X/OP,N,2,2026
814,TECHNOCRATS INSTITUTE OF TECHNOLOGY-COMPUTER SCIENCE AND ENGINEERING BHOPAL (FORMERLY TECHNOCRATES INSTITUTE OF TECHNOLOGY-ADVANCE BHOPAL (2008)),Private,CIVIL,DIPPPT,521,521,UR/X/OP,N,1,2026
815,Thakur Shiv Kumar Singh Memorial Engineering College Burhanpur (2011),Private,MECH,DIPPPT,50,50,UR/X/OP,N,1,2026
816,Thakur Shiv Kumar Singh Memorial Engineering College Burhanpur (2011),Private,EE,DIPPPT,1273,1506,UR/X/OP,N,2,2026
817,Thakur Shiv Kumar Singh Memorial Engineering College Burhanpur (2011),Private,CSE,DIPPPT,1579,1579,UR/X/OP,N,1,2026
818,Thakur Shiv Kumar Singh Memorial Engineering College Burhanpur (2011),Private,EC,DIPPPT,2934,2934,UR/X/OP,N,1,2026
819,Truba Institute of Engineering & Information Technology Bhopal (2001),Private,EC,DIPPPT,485,1553,UR/X/OP,N,2,2026
820,Truba Institute of Engineering & Information Technology Bhopal (2001),Private,CIVIL,DIPPPT,563,2901,UR/X/OP,N,5,2026
821,Truba Institute of Engineering & Information Technology Bhopal (2001),Private,ELECT ELEX,DIPPPT,2338,3224,UR/X/OP,N,3,2026
822,Truba Institute of Engineering & Information Technology Bhopal (2001),Private,MECH,DIPPPT,970,3296,UR/X/OP,N,3,2026
823,Truba Institute of Engineering & Information Technology Bhopal (2001),Private,CSE,DIPPPT,320,3427,UR/X/OP,N,2,2026
824,UJJAIN ENGINEERING COLLEGE (FORMERLY GOVT. ENGG. COLLEGE ESTB. IN 1966),GOVT,CSE,DIPPPT,427,427,OBC/X/OP,Y,1,2026
825,UJJAIN ENGINEERING COLLEGE (FORMERLY GOVT. ENGG. COLLEGE ESTB. IN 1966),GOVT,CHEM,DIPPPT,609,609,OBC/X/OP,Y,1,2026
826,UJJAIN ENGINEERING COLLEGE (FORMERLY GOVT. ENGG. COLLEGE ESTB. IN 1966),GOVT,EE,DIPPPT,785,785,OBC/X/OP,Y,1,2026
827,UJJAIN ENGINEERING COLLEGE (FORMERLY GOVT. ENGG. COLLEGE ESTB. IN 1966),GOVT,MECH,DIPPPT,1182,1182,OBC/X/OP,Y,1,2026
828,UJJAIN ENGINEERING COLLEGE (FORMERLY GOVT. ENGG. COLLEGE ESTB. IN 1966),GOVT,EC,DIPPPT,1811,2279,OBC/X/OP,Y,3,2026
829,UJJAIN ENGINEERING COLLEGE (FORMERLY GOVT. ENGG. COLLEGE ESTB. IN 1966),GOVT,EE,DIPPPT,1106,1106,SC/X/OP,Y,1,2026
830,UJJAIN ENGINEERING COLLEGE (FORMERLY GOVT. ENGG. COLLEGE ESTB. IN 1966),GOVT,CIVIL,DIPPPT,2043,2043,SC/X/OP,Y,1,2026
831,UJJAIN ENGINEERING COLLEGE (FORMERLY GOVT. ENGG. COLLEGE ESTB. IN 1966),GOVT,CSE,DIPPPT,1703,2464,SC/X/OP,Y,2,2026
832,UJJAIN ENGINEERING COLLEGE (FORMERLY GOVT. ENGG. COLLEGE ESTB. IN 1966),GOVT,CHEM,DIPPPT,2242,2492,SC/X/OP,Y,2,2026
833,UJJAIN ENGINEERING COLLEGE (FORMERLY GOVT. ENGG. COLLEGE ESTB. IN 1966),GOVT,MECH,DIPPPT,2505,2818,SC/X/OP,Y,2,2026
834,UJJAIN ENGINEERING COLLEGE (FORMERLY GOVT. ENGG. COLLEGE ESTB. IN 1966),GOVT,CIVIL,DIPPPT,210,210,ST/X/OP,Y,1,2026
835,UJJAIN ENGINEERING COLLEGE (FORMERLY GOVT. ENGG. COLLEGE ESTB. IN 1966),GOVT,EE,DIPPPT,1593,1593,ST/X/OP,Y,1,2026
836,UJJAIN ENGINEERING COLLEGE (FORMERLY GOVT. ENGG. COLLEGE ESTB. IN 1966),GOVT,EE,DIPPPT,152,152,UR/X/F,Y,1,2026
837,UJJAIN ENGINEERING COLLEGE (FORMERLY GOVT. ENGG. COLLEGE ESTB. IN 1966),GOVT,CHEM,DIPPPT,297,297,UR/X/F,Y,1,2026
838,UJJAIN ENGINEERING COLLEGE (FORMERLY GOVT. ENGG. COLLEGE ESTB. IN 1966),GOVT,CSE,DIPPPT,351,351,UR/X/F,Y,1,2026
839,UJJAIN ENGINEERING COLLEGE (FORMERLY GOVT. ENGG. COLLEGE ESTB. IN 1966),GOVT,EC,DIPPPT,454,454,UR/X/F,Y,1,2026
840,UJJAIN ENGINEERING COLLEGE (FORMERLY GOVT. ENGG. COLLEGE ESTB. IN 1966),GOVT,MECH,DIPPPT,1365,1365,UR/X/F,Y,1,2026
841,UJJAIN ENGINEERING COLLEGE (FORMERLY GOVT. ENGG. COLLEGE ESTB. IN 1966),GOVT,CIVIL,DIPPPT,98,98,UR/X/OP,Y,1,2026
842,UJJAIN ENGINEERING COLLEGE (FORMERLY GOVT. ENGG. COLLEGE ESTB. IN 1966),GOVT,CHEM,DIPPPT,310,353,UR/X/OP,Y,2,2026
843,UJJAIN ENGINEERING COLLEGE (FORMERLY GOVT. ENGG. COLLEGE ESTB. IN 1966),GOVT,CSE,DIPPPT,373,387,UR/X/OP,Y,2,2026
844,UJJAIN ENGINEERING COLLEGE (FORMERLY GOVT. ENGG. COLLEGE ESTB. IN 1966),GOVT,EE,DIPPPT,436,483,UR/X/OP,Y,2,2026
845,UJJAIN ENGINEERING COLLEGE (FORMERLY GOVT. ENGG. COLLEGE ESTB. IN 1966),GOVT,MECH,DIPPPT,981,997,UR/X/OP,Y,2,2026
846,UJJAIN ENGINEERING COLLEGE (FORMERLY GOVT. ENGG. COLLEGE ESTB. IN 1966),GOVT,EC,DIPPPT,617,1046,UR/X/OP,Y,2,2026
847,University Institute of Technology Barkatullah University Bhopal (1997),S.F.I.,CSE,DIPPPT,1460,1460,OBC/X/F,Y,1,2026
848,University Institute of Technology Barkatullah University Bhopal (1997),S.F.I.,CSE,DIPPPT,1100,1175,OBC/X/OP,Y,2,2026
849,University Institute of Technology Barkatullah University Bhopal (1997),S.F.I.,IT,DIPPPT,3325,3325,OBC/X/OP,Y,1,2026
850,University Institute of Technology Barkatullah University Bhopal (1997),S.F.I.,CSE,DIPPPT,1689,1689,SC/X/F,Y,1,2026
851,University Institute of Technology Barkatullah University Bhopal (1997),S.F.I.,CSE,DIPPPT,3103,3195,SC/X/OP,Y,2,2026
852,University Institute of Technology Barkatullah University Bhopal (1997),S.F.I.,CIVIL,DIPPPT,3414,3414,ST/X/F,Y,1,2026
853,University Institute of Technology Barkatullah University Bhopal (1997),S.F.I.,CSE,DIPPPT,2789,2789,ST/X/OP,Y,1,2026
854,University Institute of Technology Barkatullah University Bhopal (1997),S.F.I.,CIVIL,DIPPPT,3513,3513,ST/X/OP,Y,1,2026
855,University Institute of Technology Barkatullah University Bhopal (1997),S.F.I.,CSE,DIPPPT,920,1047,UR/X/F,Y,2,2026
856,University Institute of Technology Barkatullah University Bhopal (1997),S.F.I.,ELECT ELEX,DIPPPT,1257,1257,UR/X/F,Y,1,2026
857,University Institute of Technology Barkatullah University Bhopal (1997),S.F.I.,IT,DIPPPT,1508,2580,UR/X/F,Y,5,2026
858,University Institute of Technology Barkatullah University Bhopal (1997),S.F.I.,CIVIL,DIPPPT,1231,3156,UR/X/F,Y,5,2026
859,University Institute of Technology Barkatullah University Bhopal (1997),S.F.I.,CSE,DIPPPT,604,861,UR/X/OP,Y,5,2026
860,University Institute of Technology Barkatullah University Bhopal (1997),S.F.I.,EC,DIPPPT,1789,1789,UR/X/OP,Y,1,2026
861,University Institute of Technology Barkatullah University Bhopal (1997),S.F.I.,IT,DIPPPT,867,2865,UR/X/OP,Y,12,2026
862,University Institute of Technology Barkatullah University Bhopal (1997),S.F.I.,CIVIL,DIPPPT,504,3201,UR/X/OP,Y,13,2026
863,University Institute of Technology Barkatullah University Bhopal (1997),S.F.I.,MECH,DIPPPT,2309,3378,UR/X/OP,Y,8,2026
864,University Institute of Technology Barkatullah University Bhopal (1997),S.F.I.,ELECT ELEX,DIPPPT,1253,3456,UR/X/OP,Y,5,2026
865,University Institute of Technology Barkatullah University Bhopal (1997),S.F.I.,IT,DIPPPT,3016,3482,UR/X/OP,Y,2,2026
866,University Institute of Technology RGPV Bhopal (1986),S.F.I.,CSE,DIPPPT,287,287,OBC/X/F,Y,1,2026
867,University Institute of Technology RGPV Bhopal (1986),S.F.I.,CSE,DIPPPT,323,323,OBC/X/OP,Y,1,2026
868,University Institute of Technology RGPV Bhopal (1986),S.F.I.,IT,DIPPPT,423,423,OBC/X/OP,Y,1,2026
869,University Institute of Technology RGPV Bhopal (1986),S.F.I.,ELECT ELEX,DIPPPT,449,461,OBC/X/OP,Y,2,2026
870,University Institute of Technology RGPV Bhopal (1986),S.F.I.,CIVIL,DIPPPT,490,490,OBC/X/OP,Y,1,2026
871,University Institute of Technology RGPV Bhopal (1986),S.F.I.,MECH,DIPPPT,986,986,OBC/X/OP,Y,1,2026
872,University Institute of Technology RGPV Bhopal (1986),S.F.I.,EC,DIPPPT,1610,3379,OBC/X/OP,Y,6,2026
873,University Institute of Technology RGPV Bhopal (1986),S.F.I.,CSE,DIPPPT,1464,1464,SC/X/F,Y,1,2026
874,University Institute of Technology RGPV Bhopal (1986),S.F.I.,CSE,DIPPPT,829,829,SC/X/OP,Y,1,2026
875,University Institute of Technology RGPV Bhopal (1986),S.F.I.,IT,DIPPPT,891,901,SC/X/OP,Y,2,2026
876,University Institute of Technology RGPV Bhopal (1986),S.F.I.,CIVIL,DIPPPT,2397,2397,SC/X/OP,Y,1,2026
877,University Institute of Technology RGPV Bhopal (1986),S.F.I.,MECH,DIPPPT,2752,2752,SC/X/OP,Y,1,2026
878,University Institute of Technology RGPV Bhopal (1986),S.F.I.,ELECT ELEX,DIPPPT,3173,3173,SC/X/OP,Y,1,2026
879,University Institute of Technology RGPV Bhopal (1986),S.F.I.,CIVIL,DIPPPT,727,727,ST/X/OP,Y,1,2026
880,University Institute of Technology RGPV Bhopal (1986),S.F.I.,MECH,DIPPPT,1749,1749,ST/X/OP,Y,1,2026
881,University Institute of Technology RGPV Bhopal (1986),S.F.I.,CSE,DIPPPT,692,1897,ST/X/OP,Y,2,2026
882,University Institute of Technology RGPV Bhopal (1986),S.F.I.,CIVIL,DIPPPT,47,47,UR/X/F,Y,1,2026
883,University Institute of Technology RGPV Bhopal (1986),S.F.I.,CSE,DIPPPT,70,96,UR/X/F,Y,2,2026
884,University Institute of Technology RGPV Bhopal (1986),S.F.I.,IT,DIPPPT,264,264,UR/X/F,Y,1,2026
885,University Institute of Technology RGPV Bhopal (1986),S.F.I.,ELECT ELEX,DIPPPT,492,492,UR/X/F,Y,1,2026
886,University Institute of Technology RGPV Bhopal (1986),S.F.I.,EC,DIPPPT,475,2274,UR/X/F,Y,2,2026
887,University Institute of Technology RGPV Bhopal (1986),S.F.I.,CSE,DIPPPT,23,169,UR/X/OP,Y,4,2026
888,University Institute of Technology RGPV Bhopal (1986),S.F.I.,IT,DIPPPT,324,341,UR/X/OP,Y,2,2026
889,University Institute of Technology RGPV Bhopal (1986),S.F.I.,ELECT ELEX,DIPPPT,94,390,UR/X/OP,Y,2,2026
890,University Institute of Technology RGPV Bhopal (1986),S.F.I.,CIVIL,DIPPPT,337,425,UR/X/OP,Y,2,2026
891,University Institute of Technology RGPV Bhopal (1986),S.F.I.,MECH,DIPPPT,237,904,UR/X/OP,Y,3,2026
892,University Institute of Technology RGPV Bhopal (1986),S.F.I.,EC,DIPPPT,361,1125,UR/X/OP,Y,4,2026
893,University Institute of Technology RGPV Bhopal (1986),S.F.I.,AUTO,DIPPPT,3118,3118,UR/X/OP,Y,1,2026
894,University Institute of Technology RGPV Bhopal (1986),S.F.I.,PCT,DIPPPT,836,3372,UR/X/OP,Y,4,2026
895,UNIVERSITY INSTITUTE OF TECHNOLOGY RGPV SHIVPURI,S.F.I.,CSE,DIPPPT,1201,1338,OBC/X/OP,Y,2,2026
896,UNIVERSITY INSTITUTE OF TECHNOLOGY RGPV SHIVPURI,S.F.I.,CSE,DIPPPT,2148,2148,SC/X/OP,Y,1,2026
897,UNIVERSITY INSTITUTE OF TECHNOLOGY RGPV SHIVPURI,S.F.I.,CSE,DIPPPT,919,919,UR/X/F,Y,1,2026
898,UNIVERSITY INSTITUTE OF TECHNOLOGY RGPV SHIVPURI,S.F.I.,CSE,DIPPPT,903,1200,UR/X/OP,Y,2,2026
899,UNIVERSITY INSTITUTE OF TECHNOLOGY RGPV SHIVPURI,S.F.I.,MECH,DIPPPT,2164,2769,UR/X/OP,Y,2,2026
900,UNIVERSITY INSTITUTE OF TECHNOLOGY RGPV SHIVPURI,S.F.I.,ELECT ELEX,DIPPPT,1525,3356,UR/X/OP,Y,6,2026
901,UNIVERSITY INSTITUTE OF TECHNOLOGY RGPV SHIVPURI,S.F.I.,CIVIL,DIPPPT,3046,3493,UR/X/OP,Y,3,2026
902,UNIVERSITY INSTITUTE OF TECHNOLOGY SHAHDOL (CONSTITUENT COLLEGE OF RGPV)* (2015),S.F.I.,MINING,DIPPPT,81,81,UR/X/OP,Y,1,2026
903,UNIVERSITY INSTITUTE OF TECHNOLOGY SHAHDOL (CONSTITUENT COLLEGE OF RGPV)* (2015),S.F.I.,MINING,DIPPPT,228,228,OBC/X/OP,Y,1,2026
904,UNIVERSITY INSTITUTE OF TECHNOLOGY SHAHDOL (CONSTITUENT COLLEGE OF RGPV)* (2015),S.F.I.,MECH,DIPPPT,1963,1963,OBC/X/OP,Y,1,2026
905,UNIVERSITY INSTITUTE OF TECHNOLOGY SHAHDOL (CONSTITUENT COLLEGE OF RGPV)* (2015),S.F.I.,MINING,DIPPPT,376,376,SC/X/OP,Y,1,2026
906,UNIVERSITY INSTITUTE OF TECHNOLOGY SHAHDOL (CONSTITUENT COLLEGE OF RGPV)* (2015),S.F.I.,MINING,DIPPPT,1783,1783,ST/X/OP,Y,1,2026
907,UNIVERSITY INSTITUTE OF TECHNOLOGY SHAHDOL (CONSTITUENT COLLEGE OF RGPV)* (2015),S.F.I.,MECH,DIPPPT,2425,2812,ST/X/OP,Y,2,2026
908,UNIVERSITY INSTITUTE OF TECHNOLOGY SHAHDOL (CONSTITUENT COLLEGE OF RGPV)* (2015),S.F.I.,MINING,DIPPPT,782,782,UR/X/F,Y,1,2026
909,UNIVERSITY INSTITUTE OF TECHNOLOGY SHAHDOL (CONSTITUENT COLLEGE OF RGPV)* (2015),S.F.I.,MECH,DIPPPT,1701,1701,UR/X/F,Y,1,2026
910,UNIVERSITY INSTITUTE OF TECHNOLOGY SHAHDOL (CONSTITUENT COLLEGE OF RGPV)* (2015),S.F.I.,MINING,DIPPPT,83,186,UR/X/OP,Y,2,2026
911,UNIVERSITY INSTITUTE OF TECHNOLOGY SHAHDOL (CONSTITUENT COLLEGE OF RGPV)* (2015),S.F.I.,MECH,DIPPPT,657,1718,UR/X/OP,Y,2,2026
912,Vaishnavi Institutes of Technology and Science Raisen (2010),Private,MECH,DIPPPT,3505,3505,SC/X/OP,Y,1,2026
913,Vaishnavi Institutes of Technology and Science Raisen (2010),Private,EE,DIPPPT,2450,3076,UR/X/OP,N,2,2026
914,Vaishnavi Institutes of Technology and Science Raisen (2010),Private,CIVIL,DIPPPT,1138,3154,UR/X/OP,N,3,2026
915,Vaishnavi Institutes of Technology and Science Raisen (2010),Private,MECH,DIPPPT,1967,3484,UR/X/OP,N,4,2026
916,Vidhyapeeth Institute of Science & Technology Bhopal (2009),Private,ELECT ELEX,DIPPPT,3401,3401,SC/X/OP,Y,1,2026
917,Vidhyapeeth Institute of Science & Technology Bhopal (2009),Private,CSEIML,DIPPPT,877,877,UR/X/OP,N,1,2026
918,Vidhyapeeth Institute of Science & Technology Bhopal (2009),Private,ELECT ELEX,DIPPPT,125,1761,UR/X/OP,N,30,2026
919,Vidhyapeeth Institute of Science & Technology Bhopal (2009),Private,CIVIL,DIPPPT,178,2003,UR/X/OP,N,27,2026
920,Vidhyapeeth Institute of Science & Technology Bhopal (2009),Private,CSE,DIPPPT,1242,3500,UR/X/OP,N,6,2026
921,Vidhyapeeth Institute of Science & Technology Bhopal (2009),Private,MECH,DIPPPT,371,3518,UR/X/OP,N,34,2026
922,Vidhyapeeth Institute of Science & Technology Bhopal (2009),Private,EC,DIPPPT,153,3532,UR/X/OP,N,8,2026
923,Vidhyapeeth Institute of Science & Technology Bhopal (2009),Private,CIVIL,DIPPPT,2101,3405,UR/X/OP,N,23,2026
924,Vidhyapeeth Institute of Science & Technology Bhopal (2009),Private,ELECT ELEX,DIPPPT,1825,3510,UR/X/OP,N,14,2026
925,Vikrant Institute of Technology & Management Indore (2007),Private,ELECT ELEX,DIPPPT,639,639,UR/X/OP,N,1,2026
926,Vikrant Institute of Technology & Management Indore (2007),Private,MECH,DIPPPT,1434,1434,UR/X/OP,N,1,2026
927,Vikrant Institute of Technology & Management Indore (2007),Private,CSE,DIPPPT,1854,2966,UR/X/OP,N,2,2026
928,Vikrant Institute of Technology & Management Indore (2007),Private,FTS,DIPPPT,3530,3530,UR/X/OP,N,1,2026
929,VINDHYA INSTITUTE OF TECHNOLOGY & SCIENCE SATNA (2002),Private,EE,DIPPPT,2681,2681,UR/X/OP,N,1,2026
930,VINDHYA INSTITUTE OF TECHNOLOGY & SCIENCE SATNA (2002),Private,EE,DIPPPT,2221,3529,OBC/X/OP,Y,7,2026
931,VINDHYA INSTITUTE OF TECHNOLOGY & SCIENCE SATNA (2002),Private,CSE,DIPPPT,2727,2727,SC/X/OP,Y,1,2026
932,VINDHYA INSTITUTE OF TECHNOLOGY & SCIENCE SATNA (2002),Private,EE,DIPPPT,2862,2862,SC/X/OP,Y,1,2026
933,VINDHYA INSTITUTE OF TECHNOLOGY & SCIENCE SATNA (2002),Private,CSE,DIPPPT,322,1499,UR/X/OP,N,6,2026
934,VINDHYA INSTITUTE OF TECHNOLOGY & SCIENCE SATNA (2002),Private,EE,DIPPPT,192,2217,UR/X/OP,N,14,2026
935,VINDHYA INSTITUTE OF TECHNOLOGY & SCIENCE SATNA (2002),Private,MECH,DIPPPT,958,3515,UR/X/OP,N,4,2026
936,VINDHYA INSTITUTE OF TECHNOLOGY & SCIENCE SATNA (2002),Private,EE,DIPPPT,2855,2855,UR/X/OP,N,1,2026
937,VINDHYA INSTITUTE OF TECHNOLOGY & SCIENCE SATNA (2002),Private,CSE,DIPPPT,1713,3521,UR/X/OP,N,5,2026
938,VNS GROUP OF INSTITUTIONS BHOPAL (2006),Private,ELECT ELEX,DIPPPT,2269,3121,OBC/X/OP,Y,6,2026
939,VNS GROUP OF INSTITUTIONS BHOPAL (2006),Private,CIVIL,DIPPPT,3180,3180,OBC/X/OP,Y,1,2026
940,VNS GROUP OF INSTITUTIONS BHOPAL (2006),Private,ELECT ELEX,DIPPPT,3005,3005,SC/X/OP,Y,1,2026
941,VNS GROUP OF INSTITUTIONS BHOPAL (2006),Private,ELECT ELEX,DIPPPT,2602,2602,ST/X/OP,Y,1,2026
942,VNS GROUP OF INSTITUTIONS BHOPAL (2006),Private,CIVIL,DIPPPT,3019,3418,ST/X/OP,Y,4,2026
943,VNS GROUP OF INSTITUTIONS BHOPAL (2006),Private,EC,DIPPPT,551,554,UR/X/OP,N,2,2026
944,VNS GROUP OF INSTITUTIONS BHOPAL (2006),Private,ELECT ELEX,DIPPPT,48,2155,UR/X/OP,N,27,2026
945,VNS GROUP OF INSTITUTIONS BHOPAL (2006),Private,CIVIL,DIPPPT,163,2725,UR/X/OP,N,22,2026
946,VNS GROUP OF INSTITUTIONS BHOPAL (2006),Private,CSE,DIPPPT,270,2946,UR/X/OP,N,16,2026
947,VNS GROUP OF INSTITUTIONS BHOPAL (2006),Private,MECH,DIPPPT,155,3441,UR/X/OP,N,20,2026
948,VNS GROUP OF INSTITUTIONS BHOPAL (2006),Private,MINING,DIPPPT,248,3536,UR/X/OP,N,8,2026
949,VNS GROUP OF INSTITUTIONS BHOPAL (2006),Private,CIVIL,DIPPPT,3284,3284,UR/X/OP,N,1,2026
950,VNS GROUP OF INSTITUTIONS BHOPAL (2006),Private,ELECT ELEX,DIPPPT,2297,3392,UR/X/OP,N,14,2026
